Date_time,Region,Latitude,Longitude,Temperature,Humidite,Couverture_des_nuage,Intensite_pluies,Vitesse_vents
29/07/2025 15:49:20,Dakar,14.693425,-17.447938,25.1,61,80,2.46,12.3
29/07/2025 15:34:20,Dakar,14.693425,-17.447938,24.4,76,97,0.1,19.8
29/07/2025 15:19:20,Dakar,14.693425,-17.447938,25.6,71,41,4.39,21.2
29/07/2025 15:04:20,Dakar,14.693425,-17.447938,32.6,91,21,2.05,24.6
29/07/2025 14:49:20,Dakar,14.693425,-17.447938,31.8,80,71,3.83,19.6
29/07/2025 14:34:20,Dakar,14.693425,-17.447938,30.9,66,70,1.18,15.1
29/07/2025 14:19:20,Dakar,14.693425,-17.447938,25.9,75,53,0.36,17.6
29/07/2025 14:04:20,Dakar,14.693425,-17.447938,30.9,50,19,2.49,22.7
29/07/2025 13:49:20,Dakar,14.693425,-17.447938,31.4,73,26,4.05,18.4
29/07/2025 13:34:20,Dakar,14.693425,-17.447938,26.3,59,71,3.08,19.8
29/07/2025 13:19:20,Dakar,14.693425,-17.447938,34.7,47,21,1.89,16.7
29/07/2025 13:04:20,Dakar,14.693425,-17.447938,31.9,92,97,3.15,5.8
29/07/2025 12:49:20,Dakar,14.693425,-17.447938,33.8,49,70,0.46,6.2
29/07/2025 12:34:20,Dakar,14.693425,-17.447938,35.4,66,41,3.45,23.6
29/07/2025 12:19:20,Dakar,14.693425,-17.447938,24.8,89,40,0.67,15.7
29/07/2025 12:04:20,Dakar,14.693425,-17.447938,31.5,75,16,2.68,14.7
29/07/2025 11:49:20,Dakar,14.693425,-17.447938,28.4,78,32,4.29,16.9
29/07/2025 11:34:20,Dakar,14.693425,-17.447938,26.2,49,78,4.94,10.7
29/07/2025 11:19:20,Dakar,14.693425,-17.447938,26.4,95,34,3.24,19.1
29/07/2025 11:04:20,Dakar,14.693425,-17.447938,25.3,63,54,2.04,15.9
29/07/2025 10:49:20,Dakar,14.693425,-17.447938,33.5,95,81,3.18,5.9
29/07/2025 10:34:20,Dakar,14.693425,-17.447938,26.9,56,70,1.82,14.0
29/07/2025 10:19:20,Dakar,14.693425,-17.447938,33.6,42,86,1.99,23.1
29/07/2025 10:04:20,Dakar,14.693425,-17.447938,25.7,66,36,2.68,12.4
29/07/2025 09:49:20,Dakar,14.693425,-17.447938,31.8,42,17,1.21,21.8
29/07/2025 09:34:20,Dakar,14.693425,-17.447938,34.8,91,57,1.47,11.9
29/07/2025 09:19:20,Dakar,14.693425,-17.447938,35.9,62,71,4.5,8.8
29/07/2025 09:04:20,Dakar,14.693425,-17.447938,29.3,60,42,3.24,17.7
29/07/2025 08:49:20,Dakar,14.693425,-17.447938,28.7,81,50,1.94,9.8
29/07/2025 08:34:20,Dakar,14.693425,-17.447938,26.0,64,14,1.09,7.3
29/07/2025 08:19:20,Dakar,14.693425,-17.447938,27.0,56,76,0.82,10.5
29/07/2025 08:04:20,Dakar,14.693425,-17.447938,30.3,94,97,2.71,11.8
29/07/2025 07:49:20,Dakar,14.693425,-17.447938,31.8,54,88,4.7,21.2
29/07/2025 07:34:20,Dakar,14.693425,-17.447938,25.8,76,29,2.13,12.8
29/07/2025 07:19:20,Dakar,14.693425,-17.447938,35.4,94,17,2.61,5.4
29/07/2025 07:04:20,Dakar,14.693425,-17.447938,32.4,61,69,1.48,12.7
29/07/2025 06:49:20,Dakar,14.693425,-17.447938,24.7,48,16,0.99,19.8
29/07/2025 06:34:20,Dakar,14.693425,-17.447938,32.1,71,76,3.87,22.6
29/07/2025 06:19:20,Dakar,14.693425,-17.447938,28.1,61,96,1.23,22.8
29/07/2025 06:04:20,Dakar,14.693425,-17.447938,26.4,69,13,0.16,7.7
29/07/2025 05:49:20,Dakar,14.693425,-17.447938,34.5,53,57,4.05,17.5
29/07/2025 05:34:20,Dakar,14.693425,-17.447938,34.8,65,11,4.22,16.9
29/07/2025 05:19:20,Dakar,14.693425,-17.447938,24.9,72,65,1.96,15.8
29/07/2025 05:04:20,Dakar,14.693425,-17.447938,28.8,64,76,4.29,21.0
29/07/2025 04:49:20,Dakar,14.693425,-17.447938,31.5,70,45,1.46,13.6
29/07/2025 04:34:20,Dakar,14.693425,-17.447938,28.2,59,46,1.39,21.1
29/07/2025 04:19:20,Dakar,14.693425,-17.447938,35.4,78,64,1.67,18.4
29/07/2025 04:04:20,Dakar,14.693425,-17.447938,30.5,67,32,2.6,15.6
29/07/2025 03:49:20,Dakar,14.693425,-17.447938,35.8,82,81,2.56,12.9
29/07/2025 03:34:20,Dakar,14.693425,-17.447938,29.0,49,42,4.26,24.6
29/07/2025 03:19:20,Dakar,14.693425,-17.447938,33.9,81,38,0.09,22.0
29/07/2025 03:04:20,Dakar,14.693425,-17.447938,27.4,44,58,1.76,15.7
29/07/2025 02:49:20,Dakar,14.693425,-17.447938,26.0,59,20,1.84,15.2
29/07/2025 02:34:20,Dakar,14.693425,-17.447938,34.8,48,95,0.88,7.7
29/07/2025 02:19:20,Dakar,14.693425,-17.447938,29.5,91,64,3.1,10.6
29/07/2025 02:04:20,Dakar,14.693425,-17.447938,27.0,87,87,0.01,15.5
29/07/2025 01:49:20,Dakar,14.693425,-17.447938,24.7,45,75,4.24,11.9
29/07/2025 01:34:20,Dakar,14.693425,-17.447938,33.6,45,25,0.32,10.2
29/07/2025 01:19:20,Dakar,14.693425,-17.447938,35.5,90,64,3.59,11.4
29/07/2025 01:04:20,Dakar,14.693425,-17.447938,26.7,43,19,0.03,12.7
29/07/2025 00:49:20,Dakar,14.693425,-17.447938,29.4,47,23,0.41,10.7
29/07/2025 00:34:20,Dakar,14.693425,-17.447938,32.4,49,49,4.27,6.5
29/07/2025 00:19:20,Dakar,14.693425,-17.447938,29.2,85,28,2.77,18.4
29/07/2025 00:04:20,Dakar,14.693425,-17.447938,27.4,69,75,3.77,23.7
28/07/2025 23:49:20,Dakar,14.693425,-17.447938,27.6,42,44,1.12,8.7
28/07/2025 23:34:20,Dakar,14.693425,-17.447938,35.9,88,18,0.89,19.3
28/07/2025 23:19:20,Dakar,14.693425,-17.447938,32.4,93,83,0.4,19.1
28/07/2025 23:04:20,Dakar,14.693425,-17.447938,25.2,92,43,1.99,15.4
28/07/2025 22:49:20,Dakar,14.693425,-17.447938,30.1,45,25,4.39,18.9
28/07/2025 22:34:20,Dakar,14.693425,-17.447938,33.5,62,21,4.52,10.6
28/07/2025 22:19:20,Dakar,14.693425,-17.447938,24.5,78,98,2.92,18.8
28/07/2025 22:04:20,Dakar,14.693425,-17.447938,29.5,61,81,0.09,21.8
28/07/2025 21:49:20,Dakar,14.693425,-17.447938,32.1,93,82,1.12,22.0
28/07/2025 21:34:20,Dakar,14.693425,-17.447938,27.4,93,93,0.05,9.9
28/07/2025 21:19:20,Dakar,14.693425,-17.447938,26.5,85,15,0.84,21.5
28/07/2025 21:04:20,Dakar,14.693425,-17.447938,26.7,65,67,0.32,11.6
28/07/2025 20:49:20,Dakar,14.693425,-17.447938,24.0,43,25,0.11,23.5
28/07/2025 20:34:20,Dakar,14.693425,-17.447938,35.6,56,40,4.35,20.3
28/07/2025 20:19:20,Dakar,14.693425,-17.447938,34.0,43,28,4.24,9.5
28/07/2025 20:04:20,Dakar,14.693425,-17.447938,31.6,72,73,2.48,10.6
28/07/2025 19:49:20,Dakar,14.693425,-17.447938,24.4,42,60,1.01,24.3
28/07/2025 19:34:20,Dakar,14.693425,-17.447938,30.5,75,71,2.78,10.5
28/07/2025 19:19:20,Dakar,14.693425,-17.447938,34.5,92,19,3.09,18.5
28/07/2025 19:04:20,Dakar,14.693425,-17.447938,26.3,62,49,4.26,20.9
28/07/2025 18:49:20,Dakar,14.693425,-17.447938,33.7,94,72,3.04,19.1
28/07/2025 18:34:20,Dakar,14.693425,-17.447938,27.4,47,61,3.39,19.3
28/07/2025 18:19:20,Dakar,14.693425,-17.447938,27.6,70,21,2.24,22.8
28/07/2025 18:04:20,Dakar,14.693425,-17.447938,31.1,42,39,0.55,18.7
28/07/2025 17:49:20,Dakar,14.693425,-17.447938,30.4,61,86,0.17,7.2
28/07/2025 17:34:20,Dakar,14.693425,-17.447938,26.4,63,27,0.82,21.6
28/07/2025 17:19:20,Dakar,14.693425,-17.447938,32.4,81,82,2.69,19.8
28/07/2025 17:04:20,Dakar,14.693425,-17.447938,28.1,52,66,3.78,14.7
28/07/2025 16:49:20,Dakar,14.693425,-17.447938,30.5,64,26,0.94,12.6
28/07/2025 16:34:20,Dakar,14.693425,-17.447938,28.2,86,45,3.45,20.8
28/07/2025 16:19:20,Dakar,14.693425,-17.447938,29.3,48,29,3.04,12.6
28/07/2025 16:04:20,Dakar,14.693425,-17.447938,30.8,82,82,4.81,16.8
28/07/2025 15:49:20,Dakar,14.693425,-17.447938,27.6,69,16,0.11,10.0
28/07/2025 15:34:20,Dakar,14.693425,-17.447938,30.5,78,17,2.25,11.6
28/07/2025 15:19:20,Dakar,14.693425,-17.447938,34.4,40,19,2.11,17.1
28/07/2025 15:04:20,Dakar,14.693425,-17.447938,29.8,49,85,0.23,15.8
28/07/2025 14:49:20,Dakar,14.693425,-17.447938,35.7,90,45,4.97,24.1
28/07/2025 14:34:20,Dakar,14.693425,-17.447938,31.4,58,98,2.13,24.9
28/07/2025 14:19:20,Dakar,14.693425,-17.447938,26.1,91,17,0.5,20.7
28/07/2025 14:04:20,Dakar,14.693425,-17.447938,34.0,44,83,1.68,23.4
28/07/2025 13:49:20,Dakar,14.693425,-17.447938,24.2,92,25,0.16,22.7
28/07/2025 13:34:20,Dakar,14.693425,-17.447938,32.9,44,35,3.64,15.4
28/07/2025 13:19:20,Dakar,14.693425,-17.447938,25.5,56,66,1.78,11.5
28/07/2025 13:04:20,Dakar,14.693425,-17.447938,31.8,92,67,2.69,9.2
28/07/2025 12:49:20,Dakar,14.693425,-17.447938,29.0,64,11,0.64,11.2
28/07/2025 12:34:20,Dakar,14.693425,-17.447938,30.2,74,63,3.73,24.6
28/07/2025 12:19:20,Dakar,14.693425,-17.447938,33.1,94,70,3.92,8.9
28/07/2025 12:04:20,Dakar,14.693425,-17.447938,29.3,77,28,1.98,15.0
28/07/2025 11:49:20,Dakar,14.693425,-17.447938,28.5,42,30,1.54,6.2
28/07/2025 11:34:20,Dakar,14.693425,-17.447938,33.2,40,98,1.82,17.4
28/07/2025 11:19:20,Dakar,14.693425,-17.447938,34.3,57,81,4.58,8.1
28/07/2025 11:04:20,Dakar,14.693425,-17.447938,30.7,83,17,1.32,17.3
28/07/2025 10:49:20,Dakar,14.693425,-17.447938,34.2,66,29,1.34,22.1
28/07/2025 10:34:20,Dakar,14.693425,-17.447938,33.3,71,39,0.19,5.4
28/07/2025 10:19:20,Dakar,14.693425,-17.447938,27.9,62,16,4.92,9.1
28/07/2025 10:04:20,Dakar,14.693425,-17.447938,35.2,85,82,3.39,6.4
28/07/2025 09:49:20,Dakar,14.693425,-17.447938,34.7,88,18,2.11,14.8
28/07/2025 09:34:20,Dakar,14.693425,-17.447938,33.9,50,24,3.53,12.6
28/07/2025 09:19:20,Dakar,14.693425,-17.447938,27.2,84,86,0.15,15.0
28/07/2025 09:04:20,Dakar,14.693425,-17.447938,32.5,91,68,0.23,11.3
28/07/2025 08:49:20,Dakar,14.693425,-17.447938,27.4,64,88,0.5,17.9
28/07/2025 08:34:20,Dakar,14.693425,-17.447938,27.6,78,57,1.68,8.6
28/07/2025 08:19:20,Dakar,14.693425,-17.447938,28.6,76,97,2.21,24.9
28/07/2025 08:04:20,Dakar,14.693425,-17.447938,27.1,89,14,3.8,14.8
28/07/2025 07:49:20,Dakar,14.693425,-17.447938,25.4,82,53,0.06,20.9
28/07/2025 07:34:20,Dakar,14.693425,-17.447938,30.2,41,27,2.84,15.7
28/07/2025 07:19:20,Dakar,14.693425,-17.447938,27.1,74,79,2.86,14.9
28/07/2025 07:04:20,Dakar,14.693425,-17.447938,34.8,73,95,4.94,11.6
28/07/2025 06:49:20,Dakar,14.693425,-17.447938,24.1,92,81,1.76,12.5
28/07/2025 06:34:20,Dakar,14.693425,-17.447938,29.6,63,18,2.28,20.5
28/07/2025 06:19:20,Dakar,14.693425,-17.447938,29.2,40,43,3.47,21.6
28/07/2025 06:04:20,Dakar,14.693425,-17.447938,25.2,53,23,1.39,12.6
28/07/2025 05:49:20,Dakar,14.693425,-17.447938,31.0,76,40,0.19,21.6
28/07/2025 05:34:20,Dakar,14.693425,-17.447938,25.6,50,58,3.15,15.4
28/07/2025 05:19:20,Dakar,14.693425,-17.447938,33.3,64,85,3.79,10.6
28/07/2025 05:04:20,Dakar,14.693425,-17.447938,26.2,92,70,4.04,13.7
28/07/2025 04:49:20,Dakar,14.693425,-17.447938,29.2,59,30,4.47,15.3
28/07/2025 04:34:20,Dakar,14.693425,-17.447938,28.9,77,63,1.14,18.4
28/07/2025 04:19:20,Dakar,14.693425,-17.447938,28.9,48,12,4.9,5.7
28/07/2025 04:04:20,Dakar,14.693425,-17.447938,33.7,86,92,2.68,18.0
28/07/2025 03:49:20,Dakar,14.693425,-17.447938,33.5,80,87,0.67,12.3
28/07/2025 03:34:20,Dakar,14.693425,-17.447938,34.6,70,30,0.9,16.5
28/07/2025 03:19:20,Dakar,14.693425,-17.447938,31.9,63,99,4.58,21.5
28/07/2025 03:04:20,Dakar,14.693425,-17.447938,35.4,93,80,0.99,19.4
28/07/2025 02:49:20,Dakar,14.693425,-17.447938,30.4,85,48,4.83,19.1
28/07/2025 02:34:20,Dakar,14.693425,-17.447938,25.4,60,87,2.12,24.2
28/07/2025 02:19:20,Dakar,14.693425,-17.447938,32.5,67,70,2.77,20.8
28/07/2025 02:04:20,Dakar,14.693425,-17.447938,28.1,42,18,2.22,24.7
28/07/2025 01:49:20,Dakar,14.693425,-17.447938,24.4,84,29,2.66,10.9
28/07/2025 01:34:20,Dakar,14.693425,-17.447938,31.8,92,80,2.13,14.2
28/07/2025 01:19:20,Dakar,14.693425,-17.447938,28.4,49,73,0.01,21.4
28/07/2025 01:04:20,Dakar,14.693425,-17.447938,25.7,77,19,2.69,19.3
28/07/2025 00:49:20,Dakar,14.693425,-17.447938,34.0,86,22,3.1,18.6
28/07/2025 00:34:20,Dakar,14.693425,-17.447938,28.8,56,82,2.85,12.7
28/07/2025 00:19:20,Dakar,14.693425,-17.447938,28.5,66,77,3.5,11.5
28/07/2025 00:04:20,Dakar,14.693425,-17.447938,34.9,41,23,2.19,5.5
27/07/2025 23:49:20,Dakar,14.693425,-17.447938,26.0,85,39,2.77,5.2
27/07/2025 23:34:20,Dakar,14.693425,-17.447938,25.9,46,74,2.66,20.0
27/07/2025 23:19:20,Dakar,14.693425,-17.447938,27.6,83,48,3.06,21.0
27/07/2025 23:04:20,Dakar,14.693425,-17.447938,29.1,62,100,1.9,6.1
27/07/2025 22:49:20,Dakar,14.693425,-17.447938,25.1,50,50,0.03,21.1
27/07/2025 22:34:20,Dakar,14.693425,-17.447938,34.6,43,16,1.5,14.0
27/07/2025 22:19:20,Dakar,14.693425,-17.447938,27.9,41,80,4.81,10.3
27/07/2025 22:04:20,Dakar,14.693425,-17.447938,35.9,94,63,3.1,9.8
27/07/2025 21:49:20,Dakar,14.693425,-17.447938,33.6,51,46,4.32,22.7
27/07/2025 21:34:20,Dakar,14.693425,-17.447938,33.2,91,41,4.14,15.9
27/07/2025 21:19:20,Dakar,14.693425,-17.447938,25.4,88,55,4.19,23.9
27/07/2025 21:04:20,Dakar,14.693425,-17.447938,25.2,94,19,2.66,11.7
27/07/2025 20:49:20,Dakar,14.693425,-17.447938,30.9,40,60,1.45,7.9
27/07/2025 20:34:20,Dakar,14.693425,-17.447938,30.2,42,94,3.27,20.1
27/07/2025 20:19:20,Dakar,14.693425,-17.447938,34.2,71,80,0.07,21.0
27/07/2025 20:04:20,Dakar,14.693425,-17.447938,26.0,69,88,2.36,22.7
27/07/2025 19:49:20,Dakar,14.693425,-17.447938,33.4,49,82,4.51,5.6
27/07/2025 19:34:20,Dakar,14.693425,-17.447938,28.3,51,40,0.51,14.6
27/07/2025 19:19:20,Dakar,14.693425,-17.447938,27.7,88,16,0.2,20.8
27/07/2025 19:04:20,Dakar,14.693425,-17.447938,34.3,67,52,2.85,8.7
27/07/2025 18:49:20,Dakar,14.693425,-17.447938,32.9,85,35,2.62,20.1
27/07/2025 18:34:20,Dakar,14.693425,-17.447938,26.1,84,51,4.93,19.9
27/07/2025 18:19:20,Dakar,14.693425,-17.447938,32.5,80,45,0.6,22.7
27/07/2025 18:04:20,Dakar,14.693425,-17.447938,24.7,46,83,3.71,20.2
27/07/2025 17:49:20,Dakar,14.693425,-17.447938,24.9,83,72,1.24,24.5
27/07/2025 17:34:20,Dakar,14.693425,-17.447938,30.3,64,30,1.06,24.6
27/07/2025 17:19:20,Dakar,14.693425,-17.447938,27.5,87,79,1.37,20.0
27/07/2025 17:04:20,Dakar,14.693425,-17.447938,28.7,45,20,2.63,7.3
27/07/2025 16:49:20,Dakar,14.693425,-17.447938,27.2,62,58,2.34,13.0
27/07/2025 16:34:20,Dakar,14.693425,-17.447938,30.3,41,88,2.53,18.5
27/07/2025 16:19:20,Dakar,14.693425,-17.447938,27.2,84,92,2.91,9.2
27/07/2025 16:04:20,Dakar,14.693425,-17.447938,33.1,85,90,3.54,11.1
27/07/2025 15:49:20,Dakar,14.693425,-17.447938,29.2,40,47,2.48,14.0
27/07/2025 15:34:20,Dakar,14.693425,-17.447938,28.8,77,67,1.54,21.8
27/07/2025 15:19:20,Dakar,14.693425,-17.447938,24.3,47,19,2.89,9.0
27/07/2025 15:04:20,Dakar,14.693425,-17.447938,29.4,57,79,4.87,9.8
27/07/2025 14:49:20,Dakar,14.693425,-17.447938,35.6,58,81,0.07,21.7
27/07/2025 14:34:20,Dakar,14.693425,-17.447938,27.2,78,98,2.51,8.9
27/07/2025 14:19:20,Dakar,14.693425,-17.447938,34.6,57,44,0.04,19.8
27/07/2025 14:04:20,Dakar,14.693425,-17.447938,32.6,73,35,4.05,23.5
27/07/2025 13:49:20,Dakar,14.693425,-17.447938,24.4,84,22,0.18,10.8
27/07/2025 13:34:20,Dakar,14.693425,-17.447938,29.4,45,27,3.64,22.3
27/07/2025 13:19:20,Dakar,14.693425,-17.447938,28.4,95,12,2.11,10.9
27/07/2025 13:04:20,Dakar,14.693425,-17.447938,26.2,52,10,0.78,12.9
27/07/2025 12:49:20,Dakar,14.693425,-17.447938,31.0,41,52,1.82,5.6
27/07/2025 12:34:20,Dakar,14.693425,-17.447938,30.1,65,24,2.21,14.8
27/07/2025 12:19:20,Dakar,14.693425,-17.447938,31.3,63,97,3.74,9.1
27/07/2025 12:04:20,Dakar,14.693425,-17.447938,35.5,40,92,0.66,16.5
27/07/2025 11:49:20,Dakar,14.693425,-17.447938,25.9,76,47,4.2,24.2
27/07/2025 11:34:20,Dakar,14.693425,-17.447938,35.5,49,74,1.55,19.6
27/07/2025 11:19:20,Dakar,14.693425,-17.447938,28.2,87,79,3.34,19.8
27/07/2025 11:04:20,Dakar,14.693425,-17.447938,34.6,73,28,1.43,16.5
27/07/2025 10:49:20,Dakar,14.693425,-17.447938,29.9,77,85,3.79,22.6
27/07/2025 10:34:20,Dakar,14.693425,-17.447938,25.6,50,56,0.67,13.1
27/07/2025 10:19:20,Dakar,14.693425,-17.447938,33.1,45,59,3.49,12.4
27/07/2025 10:04:20,Dakar,14.693425,-17.447938,30.2,89,60,1.97,13.4
27/07/2025 09:49:20,Dakar,14.693425,-17.447938,29.5,53,56,4.14,22.3
27/07/2025 09:34:20,Dakar,14.693425,-17.447938,27.1,42,95,0.66,9.6
27/07/2025 09:19:20,Dakar,14.693425,-17.447938,33.2,89,11,0.88,18.7
27/07/2025 09:04:20,Dakar,14.693425,-17.447938,25.1,88,77,1.09,17.5
27/07/2025 08:49:20,Dakar,14.693425,-17.447938,33.2,49,16,3.88,13.4
27/07/2025 08:34:20,Dakar,14.693425,-17.447938,33.5,93,99,0.18,24.2
27/07/2025 08:19:20,Dakar,14.693425,-17.447938,24.9,49,48,1.48,19.0
27/07/2025 08:04:20,Dakar,14.693425,-17.447938,34.2,41,49,2.69,24.8
27/07/2025 07:49:20,Dakar,14.693425,-17.447938,26.8,80,18,4.45,6.9
27/07/2025 07:34:20,Dakar,14.693425,-17.447938,27.4,55,27,4.78,23.8
27/07/2025 07:19:20,Dakar,14.693425,-17.447938,35.2,52,45,0.48,20.9
27/07/2025 07:04:20,Dakar,14.693425,-17.447938,27.8,58,38,4.67,23.3
27/07/2025 06:49:20,Dakar,14.693425,-17.447938,33.5,57,75,2.81,6.8
27/07/2025 06:34:20,Dakar,14.693425,-17.447938,28.1,76,88,4.53,20.5
27/07/2025 06:19:20,Dakar,14.693425,-17.447938,31.6,74,29,2.87,19.5
27/07/2025 06:04:20,Dakar,14.693425,-17.447938,24.4,82,23,1.81,15.4
27/07/2025 05:49:20,Dakar,14.693425,-17.447938,24.3,50,75,0.66,20.1
27/07/2025 05:34:20,Dakar,14.693425,-17.447938,31.5,84,76,3.67,24.5
27/07/2025 05:19:20,Dakar,14.693425,-17.447938,32.4,92,39,0.32,12.9
27/07/2025 05:04:20,Dakar,14.693425,-17.447938,30.1,85,67,0.7,18.9
27/07/2025 04:49:20,Dakar,14.693425,-17.447938,31.3,42,68,2.87,19.8
27/07/2025 04:34:20,Dakar,14.693425,-17.447938,28.8,59,95,4.8,21.6
27/07/2025 04:19:20,Dakar,14.693425,-17.447938,32.3,92,37,2.49,16.6
27/07/2025 04:04:20,Dakar,14.693425,-17.447938,32.1,85,20,4.18,8.9
27/07/2025 03:49:20,Dakar,14.693425,-17.447938,29.3,42,19,3.52,19.2
27/07/2025 03:34:20,Dakar,14.693425,-17.447938,33.5,88,84,4.78,10.4
27/07/2025 03:19:20,Dakar,14.693425,-17.447938,32.2,71,93,1.19,9.9
27/07/2025 03:04:20,Dakar,14.693425,-17.447938,33.9,45,32,1.94,15.8
27/07/2025 02:49:20,Dakar,14.693425,-17.447938,33.0,65,58,0.3,14.6
27/07/2025 02:34:20,Dakar,14.693425,-17.447938,26.8,43,45,0.02,15.4
27/07/2025 02:19:20,Dakar,14.693425,-17.447938,26.5,40,42,0.14,10.5
27/07/2025 02:04:20,Dakar,14.693425,-17.447938,32.0,67,80,3.84,6.1
27/07/2025 01:49:20,Dakar,14.693425,-17.447938,25.8,89,40,2.49,5.5
27/07/2025 01:34:20,Dakar,14.693425,-17.447938,26.0,62,34,2.1,8.6
27/07/2025 01:19:20,Dakar,14.693425,-17.447938,24.9,87,66,2.59,6.5
27/07/2025 01:04:20,Dakar,14.693425,-17.447938,30.7,55,53,4.86,22.2
27/07/2025 00:49:20,Dakar,14.693425,-17.447938,24.4,73,54,2.96,21.0
27/07/2025 00:34:20,Dakar,14.693425,-17.447938,35.1,54,24,4.46,11.4
27/07/2025 00:19:20,Dakar,14.693425,-17.447938,30.6,82,32,3.66,24.9
27/07/2025 00:04:20,Dakar,14.693425,-17.447938,27.4,95,45,4.41,21.1
26/07/2025 23:49:20,Dakar,14.693425,-17.447938,35.5,53,57,3.41,12.4
26/07/2025 23:34:20,Dakar,14.693425,-17.447938,27.7,85,89,3.47,19.2
26/07/2025 23:19:20,Dakar,14.693425,-17.447938,32.9,78,74,0.77,10.1
26/07/2025 23:04:20,Dakar,14.693425,-17.447938,35.5,76,30,3.6,11.4
26/07/2025 22:49:20,Dakar,14.693425,-17.447938,26.0,86,25,0.17,8.7
26/07/2025 22:34:20,Dakar,14.693425,-17.447938,35.7,57,73,1.48,6.7
26/07/2025 22:19:20,Dakar,14.693425,-17.447938,27.9,95,70,2.24,17.7
26/07/2025 22:04:20,Dakar,14.693425,-17.447938,26.6,77,75,0.92,15.4
26/07/2025 21:49:20,Dakar,14.693425,-17.447938,29.6,93,41,0.28,15.9
26/07/2025 21:34:20,Dakar,14.693425,-17.447938,34.1,40,29,3.98,12.7
26/07/2025 21:19:20,Dakar,14.693425,-17.447938,26.6,90,67,3.14,11.2
26/07/2025 21:04:20,Dakar,14.693425,-17.447938,32.6,84,49,2.09,9.5
26/07/2025 20:49:20,Dakar,14.693425,-17.447938,32.8,81,25,3.83,13.1
26/07/2025 20:34:20,Dakar,14.693425,-17.447938,35.9,56,83,1.89,24.4
26/07/2025 20:19:20,Dakar,14.693425,-17.447938,27.4,54,65,3.82,23.5
26/07/2025 20:04:20,Dakar,14.693425,-17.447938,34.7,60,63,2.76,17.2
26/07/2025 19:49:20,Dakar,14.693425,-17.447938,27.4,67,59,2.39,7.6
26/07/2025 19:34:20,Dakar,14.693425,-17.447938,30.0,49,85,1.51,10.8
26/07/2025 19:19:20,Dakar,14.693425,-17.447938,33.2,70,24,0.54,7.7
26/07/2025 19:04:20,Dakar,14.693425,-17.447938,27.0,86,25,1.66,6.3
26/07/2025 18:49:20,Dakar,14.693425,-17.447938,31.2,82,39,1.13,8.8
26/07/2025 18:34:20,Dakar,14.693425,-17.447938,27.3,81,95,2.24,19.2
26/07/2025 18:19:20,Dakar,14.693425,-17.447938,24.5,51,65,1.62,6.5
26/07/2025 18:04:20,Dakar,14.693425,-17.447938,24.4,59,45,3.04,20.7
26/07/2025 17:49:20,Dakar,14.693425,-17.447938,33.4,59,90,4.7,20.7
26/07/2025 17:34:20,Dakar,14.693425,-17.447938,25.6,45,43,1.53,13.0
26/07/2025 17:19:20,Dakar,14.693425,-17.447938,32.9,50,77,4.04,11.2
26/07/2025 17:04:20,Dakar,14.693425,-17.447938,29.9,54,57,1.36,23.9
26/07/2025 16:49:20,Dakar,14.693425,-17.447938,31.8,90,86,1.91,19.8
26/07/2025 16:34:20,Dakar,14.693425,-17.447938,29.2,91,29,4.57,12.8
26/07/2025 16:19:20,Dakar,14.693425,-17.447938,27.4,50,57,1.21,14.1
26/07/2025 16:04:20,Dakar,14.693425,-17.447938,27.9,68,44,2.64,17.9
26/07/2025 15:49:20,Dakar,14.693425,-17.447938,35.6,74,69,3.01,11.4
26/07/2025 15:34:20,Dakar,14.693425,-17.447938,25.7,95,52,0.26,15.3
26/07/2025 15:19:20,Dakar,14.693425,-17.447938,35.3,94,20,1.12,12.3
26/07/2025 15:04:20,Dakar,14.693425,-17.447938,24.4,63,33,4.92,17.9
26/07/2025 14:49:20,Dakar,14.693425,-17.447938,24.6,68,94,3.06,21.0
26/07/2025 14:34:20,Dakar,14.693425,-17.447938,32.4,68,38,1.77,21.9
26/07/2025 14:19:20,Dakar,14.693425,-17.447938,24.4,51,53,1.15,20.2
26/07/2025 14:04:20,Dakar,14.693425,-17.447938,29.0,71,32,4.81,5.5
26/07/2025 13:49:20,Dakar,14.693425,-17.447938,26.5,58,35,4.26,14.5
26/07/2025 13:34:20,Dakar,14.693425,-17.447938,29.2,91,38,3.53,24.0
26/07/2025 13:19:20,Dakar,14.693425,-17.447938,25.9,68,61,2.24,14.5
26/07/2025 13:04:20,Dakar,14.693425,-17.447938,32.1,68,65,0.24,14.5
26/07/2025 12:49:20,Dakar,14.693425,-17.447938,33.1,58,89,0.5,22.3
26/07/2025 12:34:20,Dakar,14.693425,-17.447938,28.7,78,13,3.89,23.5
26/07/2025 12:19:20,Dakar,14.693425,-17.447938,35.7,72,29,3.41,6.6
26/07/2025 12:04:20,Dakar,14.693425,-17.447938,25.3,55,82,3.76,10.9
26/07/2025 11:49:20,Dakar,14.693425,-17.447938,31.6,84,82,1.64,9.1
26/07/2025 11:34:20,Dakar,14.693425,-17.447938,35.2,86,54,4.3,16.8
26/07/2025 11:19:20,Dakar,14.693425,-17.447938,35.4,79,60,1.56,11.0
26/07/2025 11:04:20,Dakar,14.693425,-17.447938,24.1,66,36,3.46,11.5
26/07/2025 10:49:20,Dakar,14.693425,-17.447938,33.1,78,30,4.03,21.6
26/07/2025 10:34:20,Dakar,14.693425,-17.447938,28.2,56,95,4.21,9.8
26/07/2025 10:19:20,Dakar,14.693425,-17.447938,33.6,40,39,1.2,14.9
26/07/2025 10:04:20,Dakar,14.693425,-17.447938,29.2,43,51,0.9,13.7
26/07/2025 09:49:20,Dakar,14.693425,-17.447938,30.3,65,100,3.75,5.7
26/07/2025 09:34:20,Dakar,14.693425,-17.447938,31.3,50,12,0.45,9.3
26/07/2025 09:19:20,Dakar,14.693425,-17.447938,28.6,92,53,2.29,20.0
26/07/2025 09:04:20,Dakar,14.693425,-17.447938,27.4,52,88,1.51,24.9
26/07/2025 08:49:20,Dakar,14.693425,-17.447938,30.4,88,21,2.53,15.4
26/07/2025 08:34:20,Dakar,14.693425,-17.447938,28.6,41,18,3.77,6.0
26/07/2025 08:19:20,Dakar,14.693425,-17.447938,34.5,84,100,0.47,8.9
26/07/2025 08:04:20,Dakar,14.693425,-17.447938,26.0,89,66,3.88,7.9
26/07/2025 07:49:20,Dakar,14.693425,-17.447938,33.2,95,31,3.69,12.5
26/07/2025 07:34:20,Dakar,14.693425,-17.447938,32.5,94,84,0.75,7.8
26/07/2025 07:19:20,Dakar,14.693425,-17.447938,30.7,94,40,2.73,12.1
26/07/2025 07:04:20,Dakar,14.693425,-17.447938,24.1,45,29,2.39,25.0
26/07/2025 06:49:20,Dakar,14.693425,-17.447938,24.7,52,21,3.47,24.1
26/07/2025 06:34:20,Dakar,14.693425,-17.447938,32.5,40,36,3.25,8.9
26/07/2025 06:19:20,Dakar,14.693425,-17.447938,35.5,42,54,3.04,9.6
26/07/2025 06:04:20,Dakar,14.693425,-17.447938,30.3,83,38,3.45,20.0
26/07/2025 05:49:20,Dakar,14.693425,-17.447938,31.1,42,45,2.84,7.7
26/07/2025 05:34:20,Dakar,14.693425,-17.447938,33.2,80,85,4.85,23.9
26/07/2025 05:19:20,Dakar,14.693425,-17.447938,31.3,95,77,1.38,21.5
26/07/2025 05:04:20,Dakar,14.693425,-17.447938,29.5,40,48,1.75,6.4
26/07/2025 04:49:20,Dakar,14.693425,-17.447938,28.8,51,59,0.24,24.4
26/07/2025 04:34:20,Dakar,14.693425,-17.447938,34.5,83,25,4.55,21.5
26/07/2025 04:19:20,Dakar,14.693425,-17.447938,33.1,50,47,3.04,16.6
26/07/2025 04:04:20,Dakar,14.693425,-17.447938,27.3,58,82,3.39,23.1
26/07/2025 03:49:20,Dakar,14.693425,-17.447938,31.2,62,78,0.42,9.0
26/07/2025 03:34:20,Dakar,14.693425,-17.447938,27.9,40,41,3.76,24.1
26/07/2025 03:19:20,Dakar,14.693425,-17.447938,25.3,46,91,0.58,23.3
26/07/2025 03:04:20,Dakar,14.693425,-17.447938,32.9,66,65,1.2,9.2
26/07/2025 02:49:20,Dakar,14.693425,-17.447938,31.1,67,30,4.91,8.0
26/07/2025 02:34:20,Dakar,14.693425,-17.447938,35.1,71,29,0.74,17.0
26/07/2025 02:19:20,Dakar,14.693425,-17.447938,32.7,76,81,3.98,25.0
26/07/2025 02:04:20,Dakar,14.693425,-17.447938,35.8,58,71,2.7,21.6
26/07/2025 01:49:20,Dakar,14.693425,-17.447938,25.5,69,90,3.84,19.6
26/07/2025 01:34:20,Dakar,14.693425,-17.447938,33.9,67,22,0.07,21.7
26/07/2025 01:19:20,Dakar,14.693425,-17.447938,28.8,40,74,3.55,9.8
26/07/2025 01:04:20,Dakar,14.693425,-17.447938,29.6,71,35,2.61,10.4
26/07/2025 00:49:20,Dakar,14.693425,-17.447938,27.1,62,85,0.85,17.9
26/07/2025 00:34:20,Dakar,14.693425,-17.447938,35.0,80,80,4.74,12.9
26/07/2025 00:19:20,Dakar,14.693425,-17.447938,29.5,55,34,1.23,18.8
26/07/2025 00:04:20,Dakar,14.693425,-17.447938,28.1,59,15,3.22,14.4
25/07/2025 23:49:20,Dakar,14.693425,-17.447938,25.9,61,33,4.49,6.1
25/07/2025 23:34:20,Dakar,14.693425,-17.447938,32.2,85,74,3.98,18.2
25/07/2025 23:19:20,Dakar,14.693425,-17.447938,33.3,71,27,4.53,15.5
25/07/2025 23:04:20,Dakar,14.693425,-17.447938,29.4,86,90,0.24,11.4
25/07/2025 22:49:20,Dakar,14.693425,-17.447938,33.2,64,29,0.91,12.5
25/07/2025 22:34:20,Dakar,14.693425,-17.447938,26.1,55,84,1.99,24.2
25/07/2025 22:19:20,Dakar,14.693425,-17.447938,24.1,82,75,2.26,18.9
25/07/2025 22:04:20,Dakar,14.693425,-17.447938,28.4,49,52,1.6,12.4
25/07/2025 21:49:20,Dakar,14.693425,-17.447938,33.0,45,70,1.39,11.2
25/07/2025 21:34:20,Dakar,14.693425,-17.447938,28.9,40,97,0.03,17.0
25/07/2025 21:19:20,Dakar,14.693425,-17.447938,24.2,94,10,2.2,17.3
25/07/2025 21:04:20,Dakar,14.693425,-17.447938,28.5,75,44,0.29,18.2
25/07/2025 20:49:20,Dakar,14.693425,-17.447938,29.4,68,83,0.07,17.4
25/07/2025 20:34:20,Dakar,14.693425,-17.447938,32.5,45,29,4.45,19.9
25/07/2025 20:19:20,Dakar,14.693425,-17.447938,33.1,84,71,3.28,22.1
25/07/2025 20:04:20,Dakar,14.693425,-17.447938,34.3,51,100,1.4,7.7
25/07/2025 19:49:20,Dakar,14.693425,-17.447938,27.1,41,57,1.13,19.8
25/07/2025 19:34:20,Dakar,14.693425,-17.447938,25.5,44,11,0.88,13.4
25/07/2025 19:19:20,Dakar,14.693425,-17.447938,24.4,85,67,1.44,12.2
25/07/2025 19:04:20,Dakar,14.693425,-17.447938,34.6,92,52,2.61,15.2
25/07/2025 18:49:20,Dakar,14.693425,-17.447938,33.3,73,17,0.88,15.6
25/07/2025 18:34:20,Dakar,14.693425,-17.447938,32.8,48,38,1.44,15.5
25/07/2025 18:19:20,Dakar,14.693425,-17.447938,34.5,92,89,0.69,24.6
25/07/2025 18:04:20,Dakar,14.693425,-17.447938,24.1,61,34,1.36,24.9
25/07/2025 17:49:20,Dakar,14.693425,-17.447938,35.9,85,74,0.01,22.8
25/07/2025 17:34:20,Dakar,14.693425,-17.447938,26.4,41,88,0.48,8.1
25/07/2025 17:19:20,Dakar,14.693425,-17.447938,28.6,73,31,0.54,13.6
25/07/2025 17:04:20,Dakar,14.693425,-17.447938,29.8,66,10,4.94,11.9
25/07/2025 16:49:20,Dakar,14.693425,-17.447938,34.0,49,41,4.73,10.2
25/07/2025 16:34:20,Dakar,14.693425,-17.447938,26.0,93,80,0.18,21.9
25/07/2025 16:19:20,Dakar,14.693425,-17.447938,34.6,53,48,4.53,11.5
25/07/2025 16:04:20,Dakar,14.693425,-17.447938,29.1,76,52,2.06,8.5
25/07/2025 15:49:20,Dakar,14.693425,-17.447938,33.1,49,14,4.65,10.1
25/07/2025 15:34:20,Dakar,14.693425,-17.447938,33.4,60,60,2.58,11.8
25/07/2025 15:19:20,Dakar,14.693425,-17.447938,27.1,80,37,2.41,13.2
25/07/2025 15:04:20,Dakar,14.693425,-17.447938,27.8,74,80,0.39,5.9
25/07/2025 14:49:20,Dakar,14.693425,-17.447938,24.7,87,54,1.01,8.1
25/07/2025 14:34:20,Dakar,14.693425,-17.447938,32.2,95,10,4.85,10.7
25/07/2025 14:19:20,Dakar,14.693425,-17.447938,29.5,56,13,0.07,13.8
25/07/2025 14:04:20,Dakar,14.693425,-17.447938,28.3,72,18,0.29,11.8
25/07/2025 13:49:20,Dakar,14.693425,-17.447938,24.4,67,55,0.86,19.9
25/07/2025 13:34:20,Dakar,14.693425,-17.447938,25.0,95,84,3.5,22.5
25/07/2025 13:19:20,Dakar,14.693425,-17.447938,33.6,75,72,1.57,18.9
25/07/2025 13:04:20,Dakar,14.693425,-17.447938,30.8,83,25,4.84,20.0
25/07/2025 12:49:20,Dakar,14.693425,-17.447938,27.4,51,45,1.29,8.0
25/07/2025 12:34:20,Dakar,14.693425,-17.447938,24.6,75,68,2.04,22.6
25/07/2025 12:19:20,Dakar,14.693425,-17.447938,27.4,80,83,4.28,10.0
25/07/2025 12:04:20,Dakar,14.693425,-17.447938,34.4,64,92,4.14,10.9
25/07/2025 11:49:20,Dakar,14.693425,-17.447938,25.6,75,59,0.29,7.8
25/07/2025 11:34:20,Dakar,14.693425,-17.447938,32.8,45,92,0.64,24.0
25/07/2025 11:19:20,Dakar,14.693425,-17.447938,30.0,44,62,4.9,11.6
25/07/2025 11:04:20,Dakar,14.693425,-17.447938,34.3,40,85,4.62,14.3
25/07/2025 10:49:20,Dakar,14.693425,-17.447938,25.1,48,58,3.51,6.4
25/07/2025 10:34:20,Dakar,14.693425,-17.447938,34.9,85,89,1.33,23.9
25/07/2025 10:19:20,Dakar,14.693425,-17.447938,30.3,65,63,3.41,5.6
25/07/2025 10:04:20,Dakar,14.693425,-17.447938,33.9,80,48,3.71,13.2
25/07/2025 09:49:20,Dakar,14.693425,-17.447938,27.7,66,40,2.68,15.6
25/07/2025 09:34:20,Dakar,14.693425,-17.447938,33.0,87,20,4.11,16.8
25/07/2025 09:19:20,Dakar,14.693425,-17.447938,30.5,60,27,0.11,16.3
25/07/2025 09:04:20,Dakar,14.693425,-17.447938,32.6,80,95,0.18,23.0
25/07/2025 08:49:20,Dakar,14.693425,-17.447938,25.8,68,79,4.91,15.3
25/07/2025 08:34:20,Dakar,14.693425,-17.447938,27.1,78,29,1.55,13.2
25/07/2025 08:19:20,Dakar,14.693425,-17.447938,35.4,83,44,2.99,16.6
25/07/2025 08:04:20,Dakar,14.693425,-17.447938,24.4,74,71,3.25,6.5
25/07/2025 07:49:20,Dakar,14.693425,-17.447938,32.9,88,29,3.07,13.1
25/07/2025 07:34:20,Dakar,14.693425,-17.447938,26.9,59,19,0.53,17.9
25/07/2025 07:19:20,Dakar,14.693425,-17.447938,24.1,68,18,0.02,15.5
25/07/2025 07:04:20,Dakar,14.693425,-17.447938,27.7,44,73,1.48,18.5
25/07/2025 06:49:20,Dakar,14.693425,-17.447938,31.0,68,70,1.94,7.4
25/07/2025 06:34:20,Dakar,14.693425,-17.447938,34.5,84,52,3.57,21.3
25/07/2025 06:19:20,Dakar,14.693425,-17.447938,30.9,49,73,4.58,13.9
25/07/2025 06:04:20,Dakar,14.693425,-17.447938,32.8,50,39,3.43,11.0
25/07/2025 05:49:20,Dakar,14.693425,-17.447938,27.2,81,66,3.63,23.4
25/07/2025 05:34:20,Dakar,14.693425,-17.447938,34.5,47,81,2.48,21.9
25/07/2025 05:19:20,Dakar,14.693425,-17.447938,31.8,62,79,1.62,8.5
25/07/2025 05:04:20,Dakar,14.693425,-17.447938,33.1,60,85,1.36,16.9
25/07/2025 04:49:20,Dakar,14.693425,-17.447938,26.6,71,26,0.05,13.1
25/07/2025 04:34:20,Dakar,14.693425,-17.447938,34.8,58,16,3.19,13.5
25/07/2025 04:19:20,Dakar,14.693425,-17.447938,29.6,52,92,3.21,14.2
25/07/2025 04:04:20,Dakar,14.693425,-17.447938,27.0,46,12,3.77,13.3
25/07/2025 03:49:20,Dakar,14.693425,-17.447938,29.5,78,40,4.97,24.9
25/07/2025 03:34:20,Dakar,14.693425,-17.447938,32.4,52,55,2.97,21.3
25/07/2025 03:19:20,Dakar,14.693425,-17.447938,31.2,48,29,0.78,11.6
25/07/2025 03:04:20,Dakar,14.693425,-17.447938,34.1,45,35,3.54,7.3
25/07/2025 02:49:20,Dakar,14.693425,-17.447938,26.3,52,50,1.18,15.7
25/07/2025 02:34:20,Dakar,14.693425,-17.447938,27.7,47,65,3.15,9.9
25/07/2025 02:19:20,Dakar,14.693425,-17.447938,34.2,89,66,2.44,20.4
25/07/2025 02:04:20,Dakar,14.693425,-17.447938,34.9,78,89,2.06,21.0
25/07/2025 01:49:20,Dakar,14.693425,-17.447938,31.8,42,37,0.7,22.5
25/07/2025 01:34:20,Dakar,14.693425,-17.447938,28.6,48,24,3.44,21.6
25/07/2025 01:19:20,Dakar,14.693425,-17.447938,28.7,80,22,1.31,24.8
25/07/2025 01:04:20,Dakar,14.693425,-17.447938,33.9,51,77,3.45,12.4
25/07/2025 00:49:20,Dakar,14.693425,-17.447938,27.0,42,34,2.11,9.1
25/07/2025 00:34:20,Dakar,14.693425,-17.447938,31.8,41,29,0.31,13.9
25/07/2025 00:19:20,Dakar,14.693425,-17.447938,34.2,42,44,1.85,7.8
25/07/2025 00:04:20,Dakar,14.693425,-17.447938,29.1,74,93,0.65,19.0
24/07/2025 23:49:20,Dakar,14.693425,-17.447938,30.1,92,33,2.86,11.8
24/07/2025 23:34:20,Dakar,14.693425,-17.447938,25.4,86,34,2.32,24.1
24/07/2025 23:19:20,Dakar,14.693425,-17.447938,29.2,76,36,3.18,16.3
24/07/2025 23:04:20,Dakar,14.693425,-17.447938,35.5,73,78,1.07,9.0
24/07/2025 22:49:20,Dakar,14.693425,-17.447938,26.5,77,33,2.74,21.1
24/07/2025 22:34:20,Dakar,14.693425,-17.447938,26.1,75,96,4.81,19.7
24/07/2025 22:19:20,Dakar,14.693425,-17.447938,33.4,66,27,2.1,15.2
24/07/2025 22:04:20,Dakar,14.693425,-17.447938,29.5,47,63,1.35,21.1
24/07/2025 21:49:20,Dakar,14.693425,-17.447938,30.1,67,46,4.48,16.0
24/07/2025 21:34:20,Dakar,14.693425,-17.447938,27.3,54,41,4.05,20.4
24/07/2025 21:19:20,Dakar,14.693425,-17.447938,34.6,61,96,1.1,11.2
24/07/2025 21:04:20,Dakar,14.693425,-17.447938,24.0,69,65,2.78,20.6
24/07/2025 20:49:20,Dakar,14.693425,-17.447938,33.1,85,78,1.71,19.1
24/07/2025 20:34:20,Dakar,14.693425,-17.447938,31.6,45,15,4.63,24.4
24/07/2025 20:19:20,Dakar,14.693425,-17.447938,26.6,70,46,1.26,25.0
24/07/2025 20:04:20,Dakar,14.693425,-17.447938,29.7,45,39,4.52,11.0
24/07/2025 19:49:20,Dakar,14.693425,-17.447938,25.1,75,83,3.28,16.3
24/07/2025 19:34:20,Dakar,14.693425,-17.447938,28.6,43,50,1.25,18.5
24/07/2025 19:19:20,Dakar,14.693425,-17.447938,32.5,89,17,1.04,18.4
24/07/2025 19:04:20,Dakar,14.693425,-17.447938,31.5,91,24,3.45,15.2
24/07/2025 18:49:20,Dakar,14.693425,-17.447938,33.7,63,12,2.31,6.1
24/07/2025 18:34:20,Dakar,14.693425,-17.447938,32.4,58,95,1.74,7.6
24/07/2025 18:19:20,Dakar,14.693425,-17.447938,25.2,66,31,0.23,16.0
24/07/2025 18:04:20,Dakar,14.693425,-17.447938,35.0,84,50,2.62,21.7
24/07/2025 17:49:20,Dakar,14.693425,-17.447938,26.8,87,54,3.45,20.5
24/07/2025 17:34:20,Dakar,14.693425,-17.447938,27.2,54,36,1.01,24.5
24/07/2025 17:19:20,Dakar,14.693425,-17.447938,24.1,92,55,1.97,14.3
24/07/2025 17:04:20,Dakar,14.693425,-17.447938,26.5,69,77,1.55,16.2
24/07/2025 16:49:20,Dakar,14.693425,-17.447938,34.8,71,95,2.7,22.1
24/07/2025 16:34:20,Dakar,14.693425,-17.447938,32.2,42,66,0.7,17.3
24/07/2025 16:19:20,Dakar,14.693425,-17.447938,24.6,70,49,0.16,11.3
24/07/2025 16:04:20,Dakar,14.693425,-17.447938,29.9,49,67,4.88,19.1
24/07/2025 15:49:20,Dakar,14.693425,-17.447938,31.8,89,25,1.03,10.5
24/07/2025 15:34:20,Dakar,14.693425,-17.447938,30.2,88,61,3.68,10.4
24/07/2025 15:19:20,Dakar,14.693425,-17.447938,34.9,42,32,0.93,22.9
24/07/2025 15:04:20,Dakar,14.693425,-17.447938,34.7,46,71,0.24,17.3
24/07/2025 14:49:20,Dakar,14.693425,-17.447938,26.4,48,88,3.33,9.4
24/07/2025 14:34:20,Dakar,14.693425,-17.447938,28.0,76,38,2.26,16.6
24/07/2025 14:19:20,Dakar,14.693425,-17.447938,35.4,68,37,2.59,13.4
24/07/2025 14:04:20,Dakar,14.693425,-17.447938,28.7,66,80,0.88,22.9
24/07/2025 13:49:20,Dakar,14.693425,-17.447938,34.1,49,52,3.4,17.8
24/07/2025 13:34:20,Dakar,14.693425,-17.447938,28.8,40,65,3.33,6.0
24/07/2025 13:19:20,Dakar,14.693425,-17.447938,29.6,52,19,4.69,11.3
24/07/2025 13:04:20,Dakar,14.693425,-17.447938,28.5,82,65,2.77,23.2
24/07/2025 12:49:20,Dakar,14.693425,-17.447938,29.6,69,98,1.88,14.6
24/07/2025 12:34:20,Dakar,14.693425,-17.447938,35.5,49,51,0.86,14.1
24/07/2025 12:19:20,Dakar,14.693425,-17.447938,30.3,85,80,1.02,13.1
24/07/2025 12:04:20,Dakar,14.693425,-17.447938,24.9,92,70,1.17,9.7
24/07/2025 11:49:20,Dakar,14.693425,-17.447938,31.3,41,52,1.05,12.2
24/07/2025 11:34:20,Dakar,14.693425,-17.447938,28.0,83,67,0.91,22.2
24/07/2025 11:19:20,Dakar,14.693425,-17.447938,35.9,92,86,3.09,10.6
24/07/2025 11:04:20,Dakar,14.693425,-17.447938,32.9,91,54,1.4,12.0
24/07/2025 10:49:20,Dakar,14.693425,-17.447938,24.6,78,63,4.55,13.0
24/07/2025 10:34:20,Dakar,14.693425,-17.447938,27.8,41,26,1.94,8.1
24/07/2025 10:19:20,Dakar,14.693425,-17.447938,29.2,84,58,0.38,18.4
24/07/2025 10:04:20,Dakar,14.693425,-17.447938,34.7,81,83,0.09,23.8
24/07/2025 09:49:20,Dakar,14.693425,-17.447938,24.9,92,65,0.56,12.5
24/07/2025 09:34:20,Dakar,14.693425,-17.447938,29.5,87,52,4.21,17.2
24/07/2025 09:19:20,Dakar,14.693425,-17.447938,24.0,81,12,0.85,12.6
24/07/2025 09:04:20,Dakar,14.693425,-17.447938,35.4,72,31,0.13,5.4
24/07/2025 08:49:20,Dakar,14.693425,-17.447938,33.0,82,63,4.5,17.9
24/07/2025 08:34:20,Dakar,14.693425,-17.447938,24.0,67,88,3.78,24.5
24/07/2025 08:19:20,Dakar,14.693425,-17.447938,35.2,57,95,2.2,10.2
24/07/2025 08:04:20,Dakar,14.693425,-17.447938,30.4,82,31,0.92,8.0
24/07/2025 07:49:20,Dakar,14.693425,-17.447938,31.5,69,64,3.92,5.4
24/07/2025 07:34:20,Dakar,14.693425,-17.447938,32.1,79,47,3.69,24.9
24/07/2025 07:19:20,Dakar,14.693425,-17.447938,34.5,49,96,0.42,14.5
24/07/2025 07:04:20,Dakar,14.693425,-17.447938,34.1,83,98,1.01,12.5
24/07/2025 06:49:20,Dakar,14.693425,-17.447938,26.3,48,83,2.2,17.7
24/07/2025 06:34:20,Dakar,14.693425,-17.447938,29.1,72,96,0.6,18.6
24/07/2025 06:19:20,Dakar,14.693425,-17.447938,31.3,65,72,1.07,19.7
24/07/2025 06:04:20,Dakar,14.693425,-17.447938,24.6,58,72,4.48,17.7
24/07/2025 05:49:20,Dakar,14.693425,-17.447938,26.9,60,49,1.05,15.1
24/07/2025 05:34:20,Dakar,14.693425,-17.447938,33.7,92,17,0.61,20.4
24/07/2025 05:19:20,Dakar,14.693425,-17.447938,31.7,56,35,4.39,10.5
24/07/2025 05:04:20,Dakar,14.693425,-17.447938,25.3,57,28,3.38,11.9
24/07/2025 04:49:20,Dakar,14.693425,-17.447938,26.7,89,18,2.45,22.0
24/07/2025 04:34:20,Dakar,14.693425,-17.447938,30.3,63,19,0.17,11.4
24/07/2025 04:19:20,Dakar,14.693425,-17.447938,24.7,54,16,2.55,11.6
24/07/2025 04:04:20,Dakar,14.693425,-17.447938,27.3,41,99,3.22,7.6
24/07/2025 03:49:20,Dakar,14.693425,-17.447938,31.5,83,100,2.39,22.3
24/07/2025 03:34:20,Dakar,14.693425,-17.447938,31.5,45,72,3.39,22.1
24/07/2025 03:19:20,Dakar,14.693425,-17.447938,26.2,69,31,0.46,21.0
24/07/2025 03:04:20,Dakar,14.693425,-17.447938,34.9,72,53,0.21,10.3
24/07/2025 02:49:20,Dakar,14.693425,-17.447938,35.9,63,22,2.64,20.2
24/07/2025 02:34:20,Dakar,14.693425,-17.447938,25.7,83,90,1.48,21.1
24/07/2025 02:19:20,Dakar,14.693425,-17.447938,32.0,46,15,2.23,7.0
24/07/2025 02:04:20,Dakar,14.693425,-17.447938,34.4,73,14,2.28,17.6
24/07/2025 01:49:20,Dakar,14.693425,-17.447938,34.1,84,32,1.01,18.8
24/07/2025 01:34:20,Dakar,14.693425,-17.447938,34.9,56,94,0.74,10.4
24/07/2025 01:19:20,Dakar,14.693425,-17.447938,33.1,81,28,2.27,15.9
24/07/2025 01:04:20,Dakar,14.693425,-17.447938,30.7,71,56,3.85,13.9
24/07/2025 00:49:20,Dakar,14.693425,-17.447938,31.0,85,55,1.39,7.6
24/07/2025 00:34:20,Dakar,14.693425,-17.447938,35.3,92,45,3.62,5.8
24/07/2025 00:19:20,Dakar,14.693425,-17.447938,35.6,61,13,4.99,12.9
24/07/2025 00:04:20,Dakar,14.693425,-17.447938,24.5,88,34,4.11,24.9
23/07/2025 23:49:20,Dakar,14.693425,-17.447938,34.4,86,67,3.58,14.3
23/07/2025 23:34:20,Dakar,14.693425,-17.447938,26.4,90,16,1.73,21.9
23/07/2025 23:19:20,Dakar,14.693425,-17.447938,35.1,57,96,3.45,18.1
23/07/2025 23:04:20,Dakar,14.693425,-17.447938,27.1,70,61,4.66,19.4
23/07/2025 22:49:20,Dakar,14.693425,-17.447938,26.7,42,36,0.13,14.8
23/07/2025 22:34:20,Dakar,14.693425,-17.447938,34.3,61,24,0.02,22.9
23/07/2025 22:19:20,Dakar,14.693425,-17.447938,32.6,73,16,1.09,9.4
23/07/2025 22:04:20,Dakar,14.693425,-17.447938,31.8,44,59,2.9,13.1
23/07/2025 21:49:20,Dakar,14.693425,-17.447938,30.9,89,60,2.16,8.8
23/07/2025 21:34:20,Dakar,14.693425,-17.447938,30.4,42,79,2.12,14.5
23/07/2025 21:19:20,Dakar,14.693425,-17.447938,28.6,53,93,1.93,21.3
23/07/2025 21:04:20,Dakar,14.693425,-17.447938,31.4,94,28,4.07,16.5
23/07/2025 20:49:20,Dakar,14.693425,-17.447938,35.8,53,52,0.31,21.0
23/07/2025 20:34:20,Dakar,14.693425,-17.447938,26.7,66,36,3.32,13.5
23/07/2025 20:19:20,Dakar,14.693425,-17.447938,32.3,61,80,0.16,15.3
23/07/2025 20:04:20,Dakar,14.693425,-17.447938,24.7,65,95,1.36,16.6
23/07/2025 19:49:20,Dakar,14.693425,-17.447938,26.0,83,16,4.89,13.9
23/07/2025 19:34:20,Dakar,14.693425,-17.447938,29.7,67,78,1.12,15.3
23/07/2025 19:19:20,Dakar,14.693425,-17.447938,26.5,88,77,4.74,20.4
23/07/2025 19:04:20,Dakar,14.693425,-17.447938,29.9,86,79,1.24,18.1
23/07/2025 18:49:20,Dakar,14.693425,-17.447938,25.0,49,55,1.49,17.6
23/07/2025 18:34:20,Dakar,14.693425,-17.447938,28.1,90,98,2.93,14.0
23/07/2025 18:19:20,Dakar,14.693425,-17.447938,26.3,73,100,1.96,19.5
23/07/2025 18:04:20,Dakar,14.693425,-17.447938,27.6,54,98,3.11,16.9
23/07/2025 17:49:20,Dakar,14.693425,-17.447938,28.4,77,74,4.88,14.1
23/07/2025 17:34:20,Dakar,14.693425,-17.447938,26.0,72,12,0.85,24.1
23/07/2025 17:19:20,Dakar,14.693425,-17.447938,34.8,54,34,0.95,23.8
23/07/2025 17:04:20,Dakar,14.693425,-17.447938,35.5,41,46,4.58,10.9
23/07/2025 16:49:20,Dakar,14.693425,-17.447938,34.0,52,18,1.11,20.1
23/07/2025 16:34:20,Dakar,14.693425,-17.447938,35.6,72,78,1.27,14.4
23/07/2025 16:19:20,Dakar,14.693425,-17.447938,31.7,53,26,3.8,6.6
23/07/2025 16:04:20,Dakar,14.693425,-17.447938,30.7,51,93,4.8,11.9
23/07/2025 15:49:20,Dakar,14.693425,-17.447938,27.4,89,30,1.67,24.3
23/07/2025 15:34:20,Dakar,14.693425,-17.447938,24.8,45,77,1.46,9.4
23/07/2025 15:19:20,Dakar,14.693425,-17.447938,30.0,88,33,3.51,24.1
23/07/2025 15:04:20,Dakar,14.693425,-17.447938,31.3,88,28,2.09,14.5
23/07/2025 14:49:20,Dakar,14.693425,-17.447938,33.1,49,48,3.56,7.8
23/07/2025 14:34:20,Dakar,14.693425,-17.447938,32.1,86,49,2.71,13.3
23/07/2025 14:19:20,Dakar,14.693425,-17.447938,35.3,87,55,1.24,7.6
23/07/2025 14:04:20,Dakar,14.693425,-17.447938,26.3,66,36,2.46,7.4
23/07/2025 13:49:20,Dakar,14.693425,-17.447938,25.9,56,98,2.57,22.4
23/07/2025 13:34:20,Dakar,14.693425,-17.447938,24.3,58,57,1.61,20.3
23/07/2025 13:19:20,Dakar,14.693425,-17.447938,34.5,53,56,3.97,20.8
23/07/2025 13:04:20,Dakar,14.693425,-17.447938,30.1,49,57,2.66,5.6
23/07/2025 12:49:20,Dakar,14.693425,-17.447938,34.1,70,96,1.03,24.2
23/07/2025 12:34:20,Dakar,14.693425,-17.447938,25.4,69,96,1.46,15.5
23/07/2025 12:19:20,Dakar,14.693425,-17.447938,26.3,46,17,1.66,19.7
23/07/2025 12:04:20,Dakar,14.693425,-17.447938,34.9,49,34,1.85,18.9
23/07/2025 11:49:20,Dakar,14.693425,-17.447938,29.1,72,90,1.72,12.1
23/07/2025 11:34:20,Dakar,14.693425,-17.447938,34.0,55,64,0.55,21.3
23/07/2025 11:19:20,Dakar,14.693425,-17.447938,25.7,62,54,3.38,12.1
23/07/2025 11:04:20,Dakar,14.693425,-17.447938,24.1,60,87,2.46,6.6
23/07/2025 10:49:20,Dakar,14.693425,-17.447938,27.0,89,56,3.07,15.3
23/07/2025 10:34:20,Dakar,14.693425,-17.447938,32.9,42,47,3.78,22.8
23/07/2025 10:19:20,Dakar,14.693425,-17.447938,27.2,46,67,4.76,14.9
23/07/2025 10:04:20,Dakar,14.693425,-17.447938,31.4,76,43,0.21,16.4
23/07/2025 09:49:20,Dakar,14.693425,-17.447938,27.2,57,31,4.52,20.9
23/07/2025 09:34:20,Dakar,14.693425,-17.447938,29.5,43,100,0.44,23.1
23/07/2025 09:19:20,Dakar,14.693425,-17.447938,25.3,54,88,3.71,15.1
23/07/2025 09:04:20,Dakar,14.693425,-17.447938,35.2,47,15,3.16,14.2
23/07/2025 08:49:20,Dakar,14.693425,-17.447938,28.4,79,80,4.04,16.7
23/07/2025 08:34:20,Dakar,14.693425,-17.447938,28.9,45,88,0.21,9.7
23/07/2025 08:19:20,Dakar,14.693425,-17.447938,26.8,55,66,2.96,9.3
23/07/2025 08:04:20,Dakar,14.693425,-17.447938,33.9,70,42,4.79,7.3
23/07/2025 07:49:20,Dakar,14.693425,-17.447938,32.5,41,37,2.39,23.2
23/07/2025 07:34:20,Dakar,14.693425,-17.447938,29.8,42,97,4.54,13.8
23/07/2025 07:19:20,Dakar,14.693425,-17.447938,28.3,46,98,3.1,18.2
23/07/2025 07:04:20,Dakar,14.693425,-17.447938,25.4,60,18,0.69,8.2
23/07/2025 06:49:20,Dakar,14.693425,-17.447938,33.5,72,12,2.34,14.0
23/07/2025 06:34:20,Dakar,14.693425,-17.447938,35.2,87,33,0.48,11.1
23/07/2025 06:19:20,Dakar,14.693425,-17.447938,29.8,59,66,2.52,24.7
23/07/2025 06:04:20,Dakar,14.693425,-17.447938,28.5,61,79,4.06,18.3
23/07/2025 05:49:20,Dakar,14.693425,-17.447938,29.6,61,75,1.15,13.7
23/07/2025 05:34:20,Dakar,14.693425,-17.447938,35.8,77,15,3.96,17.6
23/07/2025 05:19:20,Dakar,14.693425,-17.447938,33.2,91,15,1.45,9.5
23/07/2025 05:04:20,Dakar,14.693425,-17.447938,31.9,83,10,1.26,14.6
23/07/2025 04:49:20,Dakar,14.693425,-17.447938,33.0,88,52,1.73,20.9
23/07/2025 04:34:20,Dakar,14.693425,-17.447938,34.1,88,28,0.99,6.2
23/07/2025 04:19:20,Dakar,14.693425,-17.447938,29.3,55,44,4.03,15.8
23/07/2025 04:04:20,Dakar,14.693425,-17.447938,32.8,57,22,1.05,20.9
23/07/2025 03:49:20,Dakar,14.693425,-17.447938,33.9,58,28,2.07,21.5
23/07/2025 03:34:20,Dakar,14.693425,-17.447938,33.2,40,40,0.78,12.5
23/07/2025 03:19:20,Dakar,14.693425,-17.447938,30.0,78,40,1.34,22.1
23/07/2025 03:04:20,Dakar,14.693425,-17.447938,29.1,77,90,4.99,17.7
23/07/2025 02:49:20,Dakar,14.693425,-17.447938,24.8,93,86,1.42,7.8
23/07/2025 02:34:20,Dakar,14.693425,-17.447938,33.0,52,66,1.63,10.4
23/07/2025 02:19:20,Dakar,14.693425,-17.447938,24.9,69,53,3.5,7.9
23/07/2025 02:04:20,Dakar,14.693425,-17.447938,35.6,80,81,4.06,5.5
23/07/2025 01:49:20,Dakar,14.693425,-17.447938,26.1,68,43,4.91,5.5
23/07/2025 01:34:20,Dakar,14.693425,-17.447938,25.3,82,73,1.92,8.3
23/07/2025 01:19:20,Dakar,14.693425,-17.447938,31.6,46,97,2.97,15.4
23/07/2025 01:04:20,Dakar,14.693425,-17.447938,25.8,56,39,0.44,12.9
23/07/2025 00:49:20,Dakar,14.693425,-17.447938,27.8,94,14,3.81,15.1
23/07/2025 00:34:20,Dakar,14.693425,-17.447938,24.7,78,25,0.48,5.8
23/07/2025 00:19:20,Dakar,14.693425,-17.447938,34.4,53,63,2.92,9.3
23/07/2025 00:04:20,Dakar,14.693425,-17.447938,28.9,68,99,0.6,20.6
22/07/2025 23:49:20,Dakar,14.693425,-17.447938,30.0,45,64,0.63,8.8
22/07/2025 23:34:20,Dakar,14.693425,-17.447938,24.8,82,26,2.04,22.5
22/07/2025 23:19:20,Dakar,14.693425,-17.447938,26.8,49,33,4.06,8.7
22/07/2025 23:04:20,Dakar,14.693425,-17.447938,33.0,61,63,3.46,14.8
22/07/2025 22:49:20,Dakar,14.693425,-17.447938,26.3,55,56,3.81,13.5
22/07/2025 22:34:20,Dakar,14.693425,-17.447938,30.1,57,38,0.63,20.6
22/07/2025 22:19:20,Dakar,14.693425,-17.447938,27.2,51,83,2.23,11.8
22/07/2025 22:04:20,Dakar,14.693425,-17.447938,31.2,48,93,3.95,19.2
22/07/2025 21:49:20,Dakar,14.693425,-17.447938,34.7,61,12,3.45,23.4
22/07/2025 21:34:20,Dakar,14.693425,-17.447938,28.4,49,40,1.11,14.6
22/07/2025 21:19:20,Dakar,14.693425,-17.447938,26.3,67,75,0.56,8.5
22/07/2025 21:04:20,Dakar,14.693425,-17.447938,29.7,92,51,1.88,24.8
22/07/2025 20:49:20,Dakar,14.693425,-17.447938,35.7,94,64,3.05,8.5
22/07/2025 20:34:20,Dakar,14.693425,-17.447938,24.4,55,100,4.12,10.7
22/07/2025 20:19:20,Dakar,14.693425,-17.447938,30.2,94,36,4.83,18.6
22/07/2025 20:04:20,Dakar,14.693425,-17.447938,27.8,45,82,0.05,16.2
22/07/2025 19:49:20,Dakar,14.693425,-17.447938,28.1,74,78,4.81,21.9
22/07/2025 19:34:20,Dakar,14.693425,-17.447938,26.9,51,69,3.64,17.0
22/07/2025 19:19:20,Dakar,14.693425,-17.447938,24.6,51,98,2.36,9.4
22/07/2025 19:04:20,Dakar,14.693425,-17.447938,25.1,88,90,3.81,24.2
22/07/2025 18:49:20,Dakar,14.693425,-17.447938,29.3,77,39,0.12,21.6
22/07/2025 18:34:20,Dakar,14.693425,-17.447938,30.3,75,85,1.66,9.8
22/07/2025 18:19:20,Dakar,14.693425,-17.447938,30.3,56,26,3.67,23.7
22/07/2025 18:04:20,Dakar,14.693425,-17.447938,33.6,55,22,3.76,12.0
22/07/2025 17:49:20,Dakar,14.693425,-17.447938,34.9,59,39,1.94,20.6
22/07/2025 17:34:20,Dakar,14.693425,-17.447938,33.1,73,62,4.3,19.0
22/07/2025 17:19:20,Dakar,14.693425,-17.447938,26.4,69,29,3.08,21.2
22/07/2025 17:04:20,Dakar,14.693425,-17.447938,31.0,91,22,1.48,6.7
22/07/2025 16:49:20,Dakar,14.693425,-17.447938,28.0,64,76,2.09,16.0
22/07/2025 16:34:20,Dakar,14.693425,-17.447938,26.9,63,61,3.95,13.1
22/07/2025 16:19:20,Dakar,14.693425,-17.447938,25.7,78,83,4.73,14.4
22/07/2025 16:04:20,Dakar,14.693425,-17.447938,29.6,89,71,4.23,10.7
22/07/2025 15:49:20,Dakar,14.693425,-17.447938,32.6,63,31,4.95,23.8
22/07/2025 15:34:20,Dakar,14.693425,-17.447938,35.8,45,90,3.01,11.1
22/07/2025 15:19:20,Dakar,14.693425,-17.447938,32.7,60,37,1.86,20.9
22/07/2025 15:04:20,Dakar,14.693425,-17.447938,31.4,80,85,0.1,13.3
22/07/2025 14:49:20,Dakar,14.693425,-17.447938,35.1,79,95,2.7,21.4
22/07/2025 14:34:20,Dakar,14.693425,-17.447938,31.7,88,72,4.09,6.1
22/07/2025 14:19:20,Dakar,14.693425,-17.447938,24.1,63,79,2.89,17.2
22/07/2025 14:04:20,Dakar,14.693425,-17.447938,33.2,85,78,1.16,16.8
22/07/2025 13:49:20,Dakar,14.693425,-17.447938,34.6,95,41,1.35,20.2
22/07/2025 13:34:20,Dakar,14.693425,-17.447938,31.6,47,58,0.6,7.0
22/07/2025 13:19:20,Dakar,14.693425,-17.447938,32.1,81,100,2.39,11.4
22/07/2025 13:04:20,Dakar,14.693425,-17.447938,25.9,87,34,1.31,7.5
22/07/2025 12:49:20,Dakar,14.693425,-17.447938,27.1,79,25,1.16,20.1
22/07/2025 12:34:20,Dakar,14.693425,-17.447938,24.2,71,98,4.98,17.2
22/07/2025 12:19:20,Dakar,14.693425,-17.447938,34.3,95,16,0.2,21.1
22/07/2025 12:04:20,Dakar,14.693425,-17.447938,26.9,53,99,2.7,22.5
22/07/2025 11:49:20,Dakar,14.693425,-17.447938,27.9,49,53,0.87,12.7
22/07/2025 11:34:20,Dakar,14.693425,-17.447938,32.8,42,12,1.84,15.9
22/07/2025 11:19:20,Dakar,14.693425,-17.447938,26.7,67,83,1.91,5.7
22/07/2025 11:04:20,Dakar,14.693425,-17.447938,33.7,46,39,1.73,11.2
22/07/2025 10:49:20,Dakar,14.693425,-17.447938,32.9,80,54,0.23,11.2
22/07/2025 10:34:20,Dakar,14.693425,-17.447938,24.2,88,12,0.66,11.2
22/07/2025 10:19:20,Dakar,14.693425,-17.447938,24.8,74,21,1.61,19.9
22/07/2025 10:04:20,Dakar,14.693425,-17.447938,25.7,65,47,4.27,14.7
22/07/2025 09:49:20,Dakar,14.693425,-17.447938,28.0,95,72,2.41,13.0
22/07/2025 09:34:20,Dakar,14.693425,-17.447938,24.0,64,43,3.16,6.1
22/07/2025 09:19:20,Dakar,14.693425,-17.447938,35.4,75,98,3.57,24.7
22/07/2025 09:04:20,Dakar,14.693425,-17.447938,24.5,90,21,4.13,11.1
22/07/2025 08:49:20,Dakar,14.693425,-17.447938,33.4,45,70,0.69,18.8
22/07/2025 08:34:20,Dakar,14.693425,-17.447938,25.6,94,66,1.61,23.3
22/07/2025 08:19:20,Dakar,14.693425,-17.447938,34.2,67,37,4.92,22.8
22/07/2025 08:04:20,Dakar,14.693425,-17.447938,28.0,44,74,4.46,17.1
22/07/2025 07:49:20,Dakar,14.693425,-17.447938,29.5,90,51,0.17,17.3
22/07/2025 07:34:20,Dakar,14.693425,-17.447938,35.8,94,24,0.48,16.1
22/07/2025 07:19:20,Dakar,14.693425,-17.447938,32.6,88,23,1.97,12.7
22/07/2025 07:04:20,Dakar,14.693425,-17.447938,24.1,95,17,0.71,22.5
22/07/2025 06:49:20,Dakar,14.693425,-17.447938,34.9,75,43,3.79,15.6
22/07/2025 06:34:20,Dakar,14.693425,-17.447938,36.0,81,42,3.84,10.8
22/07/2025 06:19:20,Dakar,14.693425,-17.447938,26.7,60,68,1.82,7.6
22/07/2025 06:04:20,Dakar,14.693425,-17.447938,33.9,80,15,3.66,13.8
22/07/2025 05:49:20,Dakar,14.693425,-17.447938,35.0,68,34,2.43,19.5
22/07/2025 05:34:20,Dakar,14.693425,-17.447938,24.1,77,82,4.19,22.3
22/07/2025 05:19:20,Dakar,14.693425,-17.447938,28.1,91,40,0.44,15.7
22/07/2025 05:04:20,Dakar,14.693425,-17.447938,30.6,80,36,1.53,7.9
22/07/2025 04:49:20,Dakar,14.693425,-17.447938,29.0,55,97,3.42,12.9
22/07/2025 04:34:20,Dakar,14.693425,-17.447938,31.5,70,82,0.2,17.8
22/07/2025 04:19:20,Dakar,14.693425,-17.447938,26.4,71,37,1.94,15.3
22/07/2025 04:04:20,Dakar,14.693425,-17.447938,32.2,91,37,0.45,13.6
22/07/2025 03:49:20,Dakar,14.693425,-17.447938,31.0,72,17,1.63,22.3
22/07/2025 03:34:20,Dakar,14.693425,-17.447938,28.4,93,58,2.89,11.8
22/07/2025 03:19:20,Dakar,14.693425,-17.447938,27.6,90,81,0.98,8.4
22/07/2025 03:04:20,Dakar,14.693425,-17.447938,35.6,49,23,4.09,23.8
22/07/2025 02:49:20,Dakar,14.693425,-17.447938,36.0,62,93,2.44,17.7
22/07/2025 02:34:20,Dakar,14.693425,-17.447938,33.0,42,92,1.72,20.3
22/07/2025 02:19:20,Dakar,14.693425,-17.447938,25.2,47,73,0.94,10.7
22/07/2025 02:04:20,Dakar,14.693425,-17.447938,24.1,46,27,0.72,7.8
22/07/2025 01:49:20,Dakar,14.693425,-17.447938,32.8,53,22,0.48,12.4
22/07/2025 01:34:20,Dakar,14.693425,-17.447938,30.3,93,42,0.12,17.2
22/07/2025 01:19:20,Dakar,14.693425,-17.447938,34.3,81,69,2.54,9.0
22/07/2025 01:04:20,Dakar,14.693425,-17.447938,35.5,52,50,3.73,8.3
22/07/2025 00:49:20,Dakar,14.693425,-17.447938,33.6,62,48,2.43,9.3
22/07/2025 00:34:20,Dakar,14.693425,-17.447938,35.3,47,67,4.87,20.9
22/07/2025 00:19:20,Dakar,14.693425,-17.447938,33.0,79,61,2.51,9.4
22/07/2025 00:04:20,Dakar,14.693425,-17.447938,30.3,71,39,4.11,10.7
21/07/2025 23:49:20,Dakar,14.693425,-17.447938,24.6,64,55,3.61,9.3
21/07/2025 23:34:20,Dakar,14.693425,-17.447938,32.9,89,38,3.48,9.2
21/07/2025 23:19:20,Dakar,14.693425,-17.447938,34.6,92,16,2.41,6.2
21/07/2025 23:04:20,Dakar,14.693425,-17.447938,35.9,73,80,2.96,11.5
21/07/2025 22:49:20,Dakar,14.693425,-17.447938,29.5,94,57,2.73,17.4
21/07/2025 22:34:20,Dakar,14.693425,-17.447938,27.5,70,45,3.66,12.2
21/07/2025 22:19:20,Dakar,14.693425,-17.447938,25.4,91,22,0.69,22.3
21/07/2025 22:04:20,Dakar,14.693425,-17.447938,27.5,72,47,2.67,24.1
21/07/2025 21:49:20,Dakar,14.693425,-17.447938,34.5,61,72,3.54,11.6
21/07/2025 21:34:20,Dakar,14.693425,-17.447938,35.8,60,33,3.4,16.3
21/07/2025 21:19:20,Dakar,14.693425,-17.447938,25.2,49,93,0.13,18.1
21/07/2025 21:04:20,Dakar,14.693425,-17.447938,29.3,91,97,2.58,8.7
21/07/2025 20:49:20,Dakar,14.693425,-17.447938,33.5,65,51,2.19,5.7
21/07/2025 20:34:20,Dakar,14.693425,-17.447938,29.2,46,13,0.36,10.7
21/07/2025 20:19:20,Dakar,14.693425,-17.447938,31.4,70,38,0.08,23.8
21/07/2025 20:04:20,Dakar,14.693425,-17.447938,25.1,78,91,4.64,16.9
21/07/2025 19:49:20,Dakar,14.693425,-17.447938,30.7,57,25,2.57,9.3
21/07/2025 19:34:20,Dakar,14.693425,-17.447938,33.4,89,68,2.85,12.4
21/07/2025 19:19:20,Dakar,14.693425,-17.447938,26.8,43,40,4.83,6.2
21/07/2025 19:04:20,Dakar,14.693425,-17.447938,29.5,94,51,4.63,7.4
21/07/2025 18:49:20,Dakar,14.693425,-17.447938,26.4,46,31,4.87,10.3
21/07/2025 18:34:20,Dakar,14.693425,-17.447938,24.2,74,99,4.23,6.6
21/07/2025 18:19:20,Dakar,14.693425,-17.447938,35.1,83,74,0.41,22.4
21/07/2025 18:04:20,Dakar,14.693425,-17.447938,30.7,46,42,1.27,10.1
21/07/2025 17:49:20,Dakar,14.693425,-17.447938,31.2,86,74,3.39,13.6
21/07/2025 17:34:20,Dakar,14.693425,-17.447938,33.5,95,97,0.06,14.7
21/07/2025 17:19:20,Dakar,14.693425,-17.447938,32.5,76,86,4.13,15.2
21/07/2025 17:04:20,Dakar,14.693425,-17.447938,32.6,63,53,3.44,19.9
21/07/2025 16:49:20,Dakar,14.693425,-17.447938,33.0,41,79,1.56,18.8
21/07/2025 16:34:20,Dakar,14.693425,-17.447938,32.9,95,81,4.63,16.2
21/07/2025 16:19:20,Dakar,14.693425,-17.447938,31.1,40,32,3.19,16.5
21/07/2025 16:04:20,Dakar,14.693425,-17.447938,26.0,44,77,1.94,20.6
21/07/2025 15:49:20,Dakar,14.693425,-17.447938,34.2,83,81,4.13,16.8
21/07/2025 15:34:20,Dakar,14.693425,-17.447938,28.3,83,88,4.23,19.8
21/07/2025 15:19:20,Dakar,14.693425,-17.447938,33.8,80,61,3.24,18.5
21/07/2025 15:04:20,Dakar,14.693425,-17.447938,29.3,55,22,4.75,6.9
21/07/2025 14:49:20,Dakar,14.693425,-17.447938,34.8,69,67,4.28,15.3
21/07/2025 14:34:20,Dakar,14.693425,-17.447938,33.6,80,45,3.63,19.9
21/07/2025 14:19:20,Dakar,14.693425,-17.447938,31.9,60,18,2.21,16.1
21/07/2025 14:04:20,Dakar,14.693425,-17.447938,26.3,43,26,3.98,24.2
21/07/2025 13:49:20,Dakar,14.693425,-17.447938,28.7,53,34,2.39,16.1
21/07/2025 13:34:20,Dakar,14.693425,-17.447938,28.0,87,28,2.52,17.2
21/07/2025 13:19:20,Dakar,14.693425,-17.447938,33.5,91,59,1.99,14.3
21/07/2025 13:04:20,Dakar,14.693425,-17.447938,27.7,45,68,0.42,13.9
21/07/2025 12:49:20,Dakar,14.693425,-17.447938,30.2,52,85,2.48,8.8
21/07/2025 12:34:20,Dakar,14.693425,-17.447938,26.5,76,28,2.39,20.0
21/07/2025 12:19:20,Dakar,14.693425,-17.447938,32.6,46,95,0.07,10.3
21/07/2025 12:04:20,Dakar,14.693425,-17.447938,25.9,52,94,3.47,7.0
21/07/2025 11:49:20,Dakar,14.693425,-17.447938,33.6,52,52,0.49,6.7
21/07/2025 11:34:20,Dakar,14.693425,-17.447938,25.6,55,86,3.09,17.1
21/07/2025 11:19:20,Dakar,14.693425,-17.447938,35.3,48,86,0.98,9.6
21/07/2025 11:04:20,Dakar,14.693425,-17.447938,33.3,90,89,4.75,22.5
21/07/2025 10:49:20,Dakar,14.693425,-17.447938,24.8,58,85,3.69,22.9
21/07/2025 10:34:20,Dakar,14.693425,-17.447938,35.8,95,42,0.63,8.6
21/07/2025 10:19:20,Dakar,14.693425,-17.447938,32.9,52,18,1.83,17.4
21/07/2025 10:04:20,Dakar,14.693425,-17.447938,29.8,67,74,1.08,10.8
21/07/2025 09:49:20,Dakar,14.693425,-17.447938,29.8,62,87,0.98,19.6
21/07/2025 09:34:20,Dakar,14.693425,-17.447938,27.2,83,15,2.59,19.9
21/07/2025 09:19:20,Dakar,14.693425,-17.447938,34.8,46,44,1.21,6.1
21/07/2025 09:04:20,Dakar,14.693425,-17.447938,24.5,41,51,4.02,9.3
21/07/2025 08:49:20,Dakar,14.693425,-17.447938,31.7,44,47,4.75,6.2
21/07/2025 08:34:20,Dakar,14.693425,-17.447938,25.6,64,39,3.39,10.1
21/07/2025 08:19:20,Dakar,14.693425,-17.447938,32.4,67,40,0.51,18.5
21/07/2025 08:04:20,Dakar,14.693425,-17.447938,28.6,50,59,4.85,11.7
21/07/2025 07:49:20,Dakar,14.693425,-17.447938,33.9,76,67,1.18,21.0
21/07/2025 07:34:20,Dakar,14.693425,-17.447938,34.9,62,98,4.15,9.0
21/07/2025 07:19:20,Dakar,14.693425,-17.447938,34.6,73,81,4.47,13.1
21/07/2025 07:04:20,Dakar,14.693425,-17.447938,24.0,61,91,4.82,22.6
21/07/2025 06:49:20,Dakar,14.693425,-17.447938,31.4,61,73,3.47,17.5
21/07/2025 06:34:20,Dakar,14.693425,-17.447938,35.0,72,77,2.77,23.4
21/07/2025 06:19:20,Dakar,14.693425,-17.447938,28.5,54,26,1.48,22.1
21/07/2025 06:04:20,Dakar,14.693425,-17.447938,30.1,60,56,1.63,9.9
21/07/2025 05:49:20,Dakar,14.693425,-17.447938,32.5,76,33,0.73,24.2
21/07/2025 05:34:20,Dakar,14.693425,-17.447938,26.9,80,78,1.19,9.4
21/07/2025 05:19:20,Dakar,14.693425,-17.447938,32.3,53,21,1.39,22.0
21/07/2025 05:04:20,Dakar,14.693425,-17.447938,26.9,58,80,0.78,12.1
21/07/2025 04:49:20,Dakar,14.693425,-17.447938,26.0,58,27,0.11,8.4
21/07/2025 04:34:20,Dakar,14.693425,-17.447938,34.5,67,37,3.68,15.6
21/07/2025 04:19:20,Dakar,14.693425,-17.447938,24.8,54,69,1.1,17.6
21/07/2025 04:04:20,Dakar,14.693425,-17.447938,25.6,57,72,2.28,12.6
21/07/2025 03:49:20,Dakar,14.693425,-17.447938,35.5,60,48,3.18,20.2
21/07/2025 03:34:20,Dakar,14.693425,-17.447938,25.0,41,46,3.76,13.1
21/07/2025 03:19:20,Dakar,14.693425,-17.447938,34.1,55,44,2.53,16.4
21/07/2025 03:04:20,Dakar,14.693425,-17.447938,26.4,76,59,1.83,6.5
21/07/2025 02:49:20,Dakar,14.693425,-17.447938,32.9,82,85,2.86,7.0
21/07/2025 02:34:20,Dakar,14.693425,-17.447938,31.7,53,61,4.64,21.5
21/07/2025 02:19:20,Dakar,14.693425,-17.447938,32.1,59,19,4.02,23.2
21/07/2025 02:04:20,Dakar,14.693425,-17.447938,29.2,69,71,0.99,8.3
21/07/2025 01:49:20,Dakar,14.693425,-17.447938,35.0,81,27,3.37,8.0
21/07/2025 01:34:20,Dakar,14.693425,-17.447938,35.2,82,43,0.74,17.6
21/07/2025 01:19:20,Dakar,14.693425,-17.447938,31.1,44,91,3.79,24.1
21/07/2025 01:04:20,Dakar,14.693425,-17.447938,26.1,49,33,3.8,17.9
21/07/2025 00:49:20,Dakar,14.693425,-17.447938,34.4,68,23,3.11,22.4
21/07/2025 00:34:20,Dakar,14.693425,-17.447938,25.1,91,32,0.31,16.0
21/07/2025 00:19:20,Dakar,14.693425,-17.447938,29.7,51,28,3.25,7.2
21/07/2025 00:04:20,Dakar,14.693425,-17.447938,29.9,45,53,2.97,17.1
20/07/2025 23:49:20,Dakar,14.693425,-17.447938,30.4,71,78,0.57,17.9
20/07/2025 23:34:20,Dakar,14.693425,-17.447938,26.7,69,52,3.09,20.2
20/07/2025 23:19:20,Dakar,14.693425,-17.447938,35.0,45,60,1.1,15.3
20/07/2025 23:04:20,Dakar,14.693425,-17.447938,25.2,71,34,3.33,8.5
20/07/2025 22:49:20,Dakar,14.693425,-17.447938,28.9,47,92,0.83,20.1
20/07/2025 22:34:20,Dakar,14.693425,-17.447938,26.8,77,85,3.17,16.7
20/07/2025 22:19:20,Dakar,14.693425,-17.447938,31.9,77,63,2.41,9.6
20/07/2025 22:04:20,Dakar,14.693425,-17.447938,33.4,81,71,3.51,10.6
20/07/2025 21:49:20,Dakar,14.693425,-17.447938,25.8,46,95,4.6,11.1
20/07/2025 21:34:20,Dakar,14.693425,-17.447938,28.0,61,95,1.77,16.4
20/07/2025 21:19:20,Dakar,14.693425,-17.447938,31.7,72,71,1.89,14.4
20/07/2025 21:04:20,Dakar,14.693425,-17.447938,28.0,95,58,1.8,6.5
20/07/2025 20:49:20,Dakar,14.693425,-17.447938,28.6,45,61,0.88,21.6
20/07/2025 20:34:20,Dakar,14.693425,-17.447938,26.9,69,24,3.22,22.5
20/07/2025 20:19:20,Dakar,14.693425,-17.447938,26.1,73,100,1.01,13.2
20/07/2025 20:04:20,Dakar,14.693425,-17.447938,28.4,70,55,0.44,9.2
20/07/2025 19:49:20,Dakar,14.693425,-17.447938,35.1,63,94,1.97,14.2
20/07/2025 19:34:20,Dakar,14.693425,-17.447938,33.2,57,12,3.42,24.4
20/07/2025 19:19:20,Dakar,14.693425,-17.447938,27.9,49,81,2.56,9.0
20/07/2025 19:04:20,Dakar,14.693425,-17.447938,32.1,67,39,2.42,19.6
20/07/2025 18:49:20,Dakar,14.693425,-17.447938,28.8,73,56,0.04,8.2
20/07/2025 18:34:20,Dakar,14.693425,-17.447938,34.1,72,18,1.36,9.7
20/07/2025 18:19:20,Dakar,14.693425,-17.447938,32.5,57,98,0.92,15.8
20/07/2025 18:04:20,Dakar,14.693425,-17.447938,24.3,82,11,1.11,17.6
20/07/2025 17:49:20,Dakar,14.693425,-17.447938,35.4,60,67,1.15,5.5
20/07/2025 17:34:20,Dakar,14.693425,-17.447938,33.8,60,18,2.74,15.8
20/07/2025 17:19:20,Dakar,14.693425,-17.447938,24.1,71,69,4.71,8.8
20/07/2025 17:04:20,Dakar,14.693425,-17.447938,35.1,79,28,1.22,11.8
20/07/2025 16:49:20,Dakar,14.693425,-17.447938,32.4,64,91,2.26,24.6
20/07/2025 16:34:20,Dakar,14.693425,-17.447938,28.3,74,51,4.86,11.1
20/07/2025 16:19:20,Dakar,14.693425,-17.447938,34.4,70,66,1.77,8.9
20/07/2025 16:04:20,Dakar,14.693425,-17.447938,25.5,41,46,4.35,18.9
20/07/2025 15:49:20,Dakar,14.693425,-17.447938,33.8,57,99,2.17,14.2
20/07/2025 15:34:20,Dakar,14.693425,-17.447938,32.0,45,19,2.02,11.8
20/07/2025 15:19:20,Dakar,14.693425,-17.447938,30.8,51,46,1.36,22.5
20/07/2025 15:04:20,Dakar,14.693425,-17.447938,24.6,72,28,3.52,24.1
20/07/2025 14:49:20,Dakar,14.693425,-17.447938,24.2,41,12,1.06,19.9
20/07/2025 14:34:20,Dakar,14.693425,-17.447938,26.7,47,32,1.34,14.3
20/07/2025 14:19:20,Dakar,14.693425,-17.447938,27.2,48,14,2.66,20.4
20/07/2025 14:04:20,Dakar,14.693425,-17.447938,34.0,64,75,3.77,8.9
20/07/2025 13:49:20,Dakar,14.693425,-17.447938,33.2,83,74,1.38,18.5
20/07/2025 13:34:20,Dakar,14.693425,-17.447938,30.9,48,50,1.36,15.7
20/07/2025 13:19:20,Dakar,14.693425,-17.447938,31.1,68,60,2.47,20.9
20/07/2025 13:04:20,Dakar,14.693425,-17.447938,34.0,90,14,1.55,12.8
20/07/2025 12:49:20,Dakar,14.693425,-17.447938,35.8,60,63,0.8,11.4
20/07/2025 12:34:20,Dakar,14.693425,-17.447938,34.1,85,11,1.57,6.7
20/07/2025 12:19:20,Dakar,14.693425,-17.447938,24.8,56,25,1.07,14.8
20/07/2025 12:04:20,Dakar,14.693425,-17.447938,30.9,43,80,2.58,20.0
20/07/2025 11:49:20,Dakar,14.693425,-17.447938,34.8,62,96,4.0,6.1
20/07/2025 11:34:20,Dakar,14.693425,-17.447938,27.0,50,49,4.84,19.6
20/07/2025 11:19:20,Dakar,14.693425,-17.447938,30.8,65,42,1.7,24.9
20/07/2025 11:04:20,Dakar,14.693425,-17.447938,27.5,60,98,1.26,12.1
20/07/2025 10:49:20,Dakar,14.693425,-17.447938,29.2,92,27,2.57,22.4
20/07/2025 10:34:20,Dakar,14.693425,-17.447938,28.1,84,39,0.41,8.5
20/07/2025 10:19:20,Dakar,14.693425,-17.447938,32.0,61,79,3.53,7.4
20/07/2025 10:04:20,Dakar,14.693425,-17.447938,25.3,66,27,3.96,12.8
20/07/2025 09:49:20,Dakar,14.693425,-17.447938,24.6,65,60,0.2,5.0
20/07/2025 09:34:20,Dakar,14.693425,-17.447938,28.2,88,64,0.68,15.4
20/07/2025 09:19:20,Dakar,14.693425,-17.447938,29.5,58,99,4.81,12.3
20/07/2025 09:04:20,Dakar,14.693425,-17.447938,32.6,68,31,1.24,11.3
20/07/2025 08:49:20,Dakar,14.693425,-17.447938,33.6,85,26,1.64,14.2
20/07/2025 08:34:20,Dakar,14.693425,-17.447938,34.8,45,45,1.87,8.8
20/07/2025 08:19:20,Dakar,14.693425,-17.447938,34.7,84,17,4.97,24.5
20/07/2025 08:04:20,Dakar,14.693425,-17.447938,33.2,88,75,4.06,10.6
20/07/2025 07:49:20,Dakar,14.693425,-17.447938,32.4,47,18,1.56,19.1
20/07/2025 07:34:20,Dakar,14.693425,-17.447938,32.8,46,65,2.94,25.0
20/07/2025 07:19:20,Dakar,14.693425,-17.447938,33.6,86,65,0.62,5.2
20/07/2025 07:04:20,Dakar,14.693425,-17.447938,33.0,71,100,1.33,24.6
20/07/2025 06:49:20,Dakar,14.693425,-17.447938,27.0,65,57,2.89,19.3
20/07/2025 06:34:20,Dakar,14.693425,-17.447938,31.7,82,55,4.24,21.9
20/07/2025 06:19:20,Dakar,14.693425,-17.447938,26.7,84,87,1.86,22.6
20/07/2025 06:04:20,Dakar,14.693425,-17.447938,28.3,80,20,3.59,13.3
20/07/2025 05:49:20,Dakar,14.693425,-17.447938,28.1,54,75,1.57,7.9
20/07/2025 05:34:20,Dakar,14.693425,-17.447938,33.1,54,74,4.15,9.1
20/07/2025 05:19:20,Dakar,14.693425,-17.447938,28.9,50,83,1.24,9.5
20/07/2025 05:04:20,Dakar,14.693425,-17.447938,24.4,79,83,2.66,24.8
20/07/2025 04:49:20,Dakar,14.693425,-17.447938,34.4,56,21,0.23,11.5
20/07/2025 04:34:20,Dakar,14.693425,-17.447938,34.1,50,19,0.57,20.5
20/07/2025 04:19:20,Dakar,14.693425,-17.447938,31.7,45,79,3.33,15.3
20/07/2025 04:04:20,Dakar,14.693425,-17.447938,26.1,84,97,0.1,10.4
20/07/2025 03:49:20,Dakar,14.693425,-17.447938,34.3,57,58,3.1,7.0
20/07/2025 03:34:20,Dakar,14.693425,-17.447938,24.3,63,53,0.19,14.4
20/07/2025 03:19:20,Dakar,14.693425,-17.447938,25.4,92,62,4.06,11.1
20/07/2025 03:04:20,Dakar,14.693425,-17.447938,34.0,76,61,4.82,21.8
20/07/2025 02:49:20,Dakar,14.693425,-17.447938,32.4,57,99,3.37,9.5
20/07/2025 02:34:20,Dakar,14.693425,-17.447938,27.2,44,40,2.16,12.2
20/07/2025 02:19:20,Dakar,14.693425,-17.447938,35.3,45,62,0.98,20.0
20/07/2025 02:04:20,Dakar,14.693425,-17.447938,32.0,78,11,4.98,9.8
20/07/2025 01:49:20,Dakar,14.693425,-17.447938,32.8,41,100,4.42,21.7
20/07/2025 01:34:20,Dakar,14.693425,-17.447938,33.0,69,56,2.65,10.4
20/07/2025 01:19:20,Dakar,14.693425,-17.447938,26.8,59,11,1.57,14.7
20/07/2025 01:04:20,Dakar,14.693425,-17.447938,31.9,88,84,4.29,16.1
20/07/2025 00:49:20,Dakar,14.693425,-17.447938,35.2,82,21,3.97,15.8
20/07/2025 00:34:20,Dakar,14.693425,-17.447938,25.4,48,33,4.46,21.3
20/07/2025 00:19:20,Dakar,14.693425,-17.447938,24.2,81,48,1.66,11.3
20/07/2025 00:04:20,Dakar,14.693425,-17.447938,29.7,68,88,3.78,7.7
19/07/2025 23:49:20,Dakar,14.693425,-17.447938,27.0,83,33,3.06,19.5
19/07/2025 23:34:20,Dakar,14.693425,-17.447938,32.5,45,13,1.96,17.6
19/07/2025 23:19:20,Dakar,14.693425,-17.447938,24.9,57,21,4.24,6.5
19/07/2025 23:04:20,Dakar,14.693425,-17.447938,25.6,85,58,3.73,8.2
19/07/2025 22:49:20,Dakar,14.693425,-17.447938,30.7,67,65,1.66,9.5
19/07/2025 22:34:20,Dakar,14.693425,-17.447938,28.9,77,66,4.86,12.2
19/07/2025 22:19:20,Dakar,14.693425,-17.447938,34.8,75,98,4.97,15.7
19/07/2025 22:04:20,Dakar,14.693425,-17.447938,31.8,53,11,4.24,5.9
19/07/2025 21:49:20,Dakar,14.693425,-17.447938,28.7,40,72,3.72,8.9
19/07/2025 21:34:20,Dakar,14.693425,-17.447938,28.1,63,66,2.34,13.4
19/07/2025 21:19:20,Dakar,14.693425,-17.447938,33.5,91,62,1.45,12.9
19/07/2025 21:04:20,Dakar,14.693425,-17.447938,31.6,95,36,1.84,10.4
19/07/2025 20:49:20,Dakar,14.693425,-17.447938,24.0,55,52,0.64,10.3
19/07/2025 20:34:20,Dakar,14.693425,-17.447938,27.6,75,66,3.01,24.4
19/07/2025 20:19:20,Dakar,14.693425,-17.447938,25.3,43,35,2.82,10.7
19/07/2025 20:04:20,Dakar,14.693425,-17.447938,34.0,72,21,1.73,7.4
19/07/2025 19:49:20,Dakar,14.693425,-17.447938,33.2,60,72,1.35,12.0
19/07/2025 19:34:20,Dakar,14.693425,-17.447938,30.4,53,68,1.67,21.1
19/07/2025 19:19:20,Dakar,14.693425,-17.447938,29.6,85,73,4.41,11.9
19/07/2025 19:04:20,Dakar,14.693425,-17.447938,29.7,72,73,3.93,9.4
19/07/2025 18:49:20,Dakar,14.693425,-17.447938,29.9,59,30,4.75,5.2
19/07/2025 18:34:20,Dakar,14.693425,-17.447938,27.4,54,94,2.01,7.1
19/07/2025 18:19:20,Dakar,14.693425,-17.447938,26.3,87,89,0.76,6.5
19/07/2025 18:04:20,Dakar,14.693425,-17.447938,27.9,87,42,0.07,12.7
19/07/2025 17:49:20,Dakar,14.693425,-17.447938,34.2,59,33,1.38,21.0
19/07/2025 17:34:20,Dakar,14.693425,-17.447938,33.2,41,11,2.98,20.3
19/07/2025 17:19:20,Dakar,14.693425,-17.447938,26.2,87,100,1.43,19.7
19/07/2025 17:04:20,Dakar,14.693425,-17.447938,34.8,53,12,3.59,19.8
19/07/2025 16:49:20,Dakar,14.693425,-17.447938,27.2,61,20,1.05,23.5
19/07/2025 16:34:20,Dakar,14.693425,-17.447938,26.8,95,34,0.85,13.4
19/07/2025 16:19:20,Dakar,14.693425,-17.447938,33.8,83,62,3.86,8.7
19/07/2025 16:04:20,Dakar,14.693425,-17.447938,27.1,78,82,2.37,12.0
19/07/2025 15:49:20,Dakar,14.693425,-17.447938,34.4,82,11,1.96,11.5
19/07/2025 15:34:20,Dakar,14.693425,-17.447938,34.3,86,76,3.98,21.7
19/07/2025 15:19:20,Dakar,14.693425,-17.447938,24.9,89,49,4.32,13.4
19/07/2025 15:04:20,Dakar,14.693425,-17.447938,34.7,86,50,2.99,9.3
19/07/2025 14:49:20,Dakar,14.693425,-17.447938,33.0,72,74,0.32,17.2
19/07/2025 14:34:20,Dakar,14.693425,-17.447938,28.3,41,32,1.5,12.2
19/07/2025 14:19:20,Dakar,14.693425,-17.447938,29.6,73,19,0.8,8.7
19/07/2025 14:04:20,Dakar,14.693425,-17.447938,31.8,60,41,4.44,12.3
19/07/2025 13:49:20,Dakar,14.693425,-17.447938,35.0,45,18,2.22,18.7
19/07/2025 13:34:20,Dakar,14.693425,-17.447938,34.1,63,72,0.19,22.0
19/07/2025 13:19:20,Dakar,14.693425,-17.447938,34.5,42,69,4.59,17.8
19/07/2025 13:04:20,Dakar,14.693425,-17.447938,27.2,87,91,1.55,6.4
19/07/2025 12:49:20,Dakar,14.693425,-17.447938,31.7,65,31,2.73,10.3
19/07/2025 12:34:20,Dakar,14.693425,-17.447938,29.9,77,29,2.89,10.3
19/07/2025 12:19:20,Dakar,14.693425,-17.447938,26.3,71,47,2.31,5.4
19/07/2025 12:04:20,Dakar,14.693425,-17.447938,32.2,86,42,3.59,14.6
19/07/2025 11:49:20,Dakar,14.693425,-17.447938,31.3,91,47,0.19,12.7
19/07/2025 11:34:20,Dakar,14.693425,-17.447938,33.2,62,51,0.73,13.4
19/07/2025 11:19:20,Dakar,14.693425,-17.447938,24.6,46,46,0.14,13.9
19/07/2025 11:04:20,Dakar,14.693425,-17.447938,24.1,61,14,1.36,13.4
19/07/2025 10:49:20,Dakar,14.693425,-17.447938,33.9,65,80,2.9,8.6
19/07/2025 10:34:20,Dakar,14.693425,-17.447938,27.5,81,77,4.05,23.3
19/07/2025 10:19:20,Dakar,14.693425,-17.447938,31.0,65,10,4.09,10.1
19/07/2025 10:04:20,Dakar,14.693425,-17.447938,28.8,84,49,4.93,22.5
19/07/2025 09:49:20,Dakar,14.693425,-17.447938,24.0,46,65,2.45,11.5
19/07/2025 09:34:20,Dakar,14.693425,-17.447938,28.1,78,52,2.25,8.7
19/07/2025 09:19:20,Dakar,14.693425,-17.447938,31.0,42,11,4.81,23.2
19/07/2025 09:04:20,Dakar,14.693425,-17.447938,26.4,62,94,4.43,17.0
19/07/2025 08:49:20,Dakar,14.693425,-17.447938,31.4,87,83,1.85,8.9
19/07/2025 08:34:20,Dakar,14.693425,-17.447938,26.4,76,76,1.72,23.8
19/07/2025 08:19:20,Dakar,14.693425,-17.447938,35.4,64,63,4.18,22.7
19/07/2025 08:04:20,Dakar,14.693425,-17.447938,25.1,80,37,0.59,15.7
19/07/2025 07:49:20,Dakar,14.693425,-17.447938,33.6,60,10,1.4,20.2
19/07/2025 07:34:20,Dakar,14.693425,-17.447938,28.7,85,98,2.89,13.4
19/07/2025 07:19:20,Dakar,14.693425,-17.447938,26.5,71,32,3.76,8.1
19/07/2025 07:04:20,Dakar,14.693425,-17.447938,29.1,45,44,4.81,9.4
19/07/2025 06:49:20,Dakar,14.693425,-17.447938,26.4,77,36,4.67,11.1
19/07/2025 06:34:20,Dakar,14.693425,-17.447938,24.2,66,91,4.66,7.7
19/07/2025 06:19:20,Dakar,14.693425,-17.447938,35.4,40,67,2.98,19.6
19/07/2025 06:04:20,Dakar,14.693425,-17.447938,25.5,62,75,4.88,15.2
